Player,Team,Age,G,GS,CG,SHO,IP,H,ER,K,BB,HR,W,L,SV,BS,HLD,ERA,WHIP
Zack Wheeler,PHI,31,27,27,3,2,182.2,147,61,208,40,15,11,9,0,0,0,3.01,1.02
Adam Wainwright,STL,40,26,26,3,1,169.2,135,56,155,40,17,13,7,0,0,0,2.97,1.03
Walker Buehler,LAD,27,26,26,0,0,169.0,113,38,178,42,15,13,2,0,0,0,2.02,0.92
Sandy Alcantara,MIA,25,27,27,1,0,165.1,138,60,158,47,17,8,12,0,0,0,3.27,1.12
Zack Greinke,HOU,37,27,27,1,0,159.2,152,65,110,32,25,11,5,0,0,0,3.66,1.15
Robbie Ray,TOR,29,26,26,0,0,159.1,123,48,202,38,25,10,5,0,0,0,2.71,1.01
Luis Castillo,CIN,28,28,28,0,0,157.0,152,75,159,64,17,7,14,0,0,0,4.30,1.38
Kyle Hendricks,CHC,31,27,27,1,0,156.1,175,77,117,35,28,14,6,0,0,0,4.43,1.34
German Marquez,COL,26,27,27,3,1,156.0,134,71,156,54,18,11,10,0,0,0,4.10,1.21
Lucas Giolito,CWS,27,26,26,1,0,154.0,126,63,175,43,25,9,9,0,0,0,3.68,1.10
Kevin Gausman,SF,30,26,26,0,0,152.0,107,42,176,46,13,12,5,0,0,0,2.49,1.01
Marcus Stroman,NYM,30,28,28,0,0,151.2,135,48,134,36,14,9,12,0,0,0,2.85,1.13
Brandon Woodruff,MIL,28,25,25,0,0,151.1,103,40,177,37,13,8,7,0,0,0,2.38,0.93
Chris Bassitt,OAK,32,25,25,1,1,151.0,123,54,154,35,15,12,4,0,0,0,3.22,1.05
Julio Urias,LAD,25,26,26,0,0,150.2,124,53,160,32,19,15,3,0,0,0,3.17,1.04
Nathan Eovaldi,BOS,31,26,26,0,0,150.1,150,62,154,26,12,10,8,0,0,0,3.71,1.17
Frankie Montas,OAK,28,26,26,0,0,150.0,138,61,167,42,16,10,9,0,0,0,3.66,1.20
Aaron Nola,PHI,28,26,26,1,1,148.2,131,71,181,33,21,7,7,0,0,0,4.30,1.10
Tyler Mahle,CIN,26,27,27,0,0,148.1,126,60,174,49,21,10,5,0,0,0,3.64,1.18
Joe Musgrove,SD,28,26,25,2,2,148.1,108,47,169,39,16,9,8,0,0,0,2.85,0.99
Gerrit Cole,NYY,30,24,24,2,1,148.0,114,46,200,32,18,13,6,0,0,0,2.80,0.99
Mike Minor,KC,33,26,26,0,0,147.2,146,87,142,41,25,8,11,0,0,0,5.30,1.27
Chris Flexen,SEA,27,25,25,0,0,145.2,153,57,99,30,14,11,5,0,0,0,3.52,1.26
Charlie Morton,ATL,37,26,26,0,0,145.0,112,58,173,47,14,12,5,0,0,0,3.60,1.10
Wade Miley,CIN,34,24,24,1,1,144.2,130,44,112,46,10,11,4,0,0,0,2.74,1.22
Cole Irvin,OAK,27,25,25,0,0,144.1,149,59,97,31,12,9,12,0,0,0,3.68,1.25
Hyun Jin Ryu,TOR,34,25,25,1,1,143.2,139,62,115,30,18,12,7,0,0,0,3.88,1.18
Dylan Cease,CWS,25,27,27,1,1,143.2,119,61,188,56,18,11,6,0,0,0,3.82,1.22
Sean Manaea,OAK,29,26,26,2,2,142.2,142,63,156,36,22,8,9,0,0,0,3.97,1.25
Merrill Kelly,ARI,32,24,24,0,0,142.1,143,68,118,33,18,7,9,0,0,0,4.30,1.24
Jordan Lyles,TEX,30,26,25,0,0,142.0,165,90,114,47,33,6,11,0,0,0,5.70,1.49
Corbin Burnes,MIL,26,23,23,0,0,139.0,104,35,189,26,5,9,4,0,0,0,2.27,0.94
Yu Darvish,SD,35,24,24,0,0,137.1,110,58,164,31,22,7,8,0,0,0,3.80,1.03
Yusei Kikuchi,SEA,30,24,24,0,0,137.1,121,66,145,51,26,7,7,0,0,0,4.33,1.25
Dallas Keuchel,CWS,33,26,25,0,0,136.2,146,76,83,47,23,8,7,0,0,0,5.00,1.41
Patrick Corbin,WAS,32,25,25,0,0,136.0,148,92,110,43,31,7,13,0,0,0,6.09,1.40
Lance Lynn,CWS,34,24,24,1,1,135.2,104,39,152,42,16,10,4,0,0,0,2.59,1.08
Anthony DeSclafani,SF,31,25,25,2,2,135.2,114,51,127,36,18,11,6,0,0,0,3.38,1.11
Casey Mize,DET,24,25,25,1,0,135.1,117,54,104,39,23,7,7,0,0,0,3.59,1.15
Nick Pivetta,BOS,28,26,26,0,0,135.0,119,70,151,62,21,9,7,0,0,0,4.67,1.34
Brad Keller,KC,26,26,26,0,0,133.2,158,80,120,64,18,8,12,0,0,0,5.39,1.66
Zach Davies,CHC,28,27,27,0,0,131.1,131,73,102,64,21,6,10,0,0,0,5.00,1.48
Jordan Montgomery,NYY,28,24,24,0,0,130.1,114,51,126,41,14,5,5,0,0,0,3.52,1.19
Mike Foltynewicz,TEX,29,24,24,0,0,130.0,133,80,91,33,34,2,12,0,0,0,5.54,1.28
Taijuan Walker,NYM,29,24,24,0,0,129.2,103,55,117,46,18,7,9,0,0,0,3.82,1.15
Luis Garcia,HOU,24,25,23,0,0,128.1,103,46,150,39,16,10,6,0,0,0,3.23,1.11
Tarik Skubal,DET,24,25,23,0,0,128.0,119,57,144,42,28,8,11,0,0,0,4.01,1.26
Ryan Yarbrough,TB,29,24,18,1,0,128.0,129,65,101,23,20,7,4,0,0,0,4.57,1.19
Lance McCullers,HOU,27,22,22,0,0,127.1,99,47,151,60,11,10,4,0,0,0,3.32,1.25
Jameson Taillon,NYY,29,25,25,0,0,127.0,118,59,125,38,21,8,4,0,0,0,4.18,1.23
Eduardo Rodriguez,BOS,28,25,25,0,0,126.2,138,72,150,38,17,10,7,0,0,0,5.12,1.39
Jon Gray,COL,29,24,24,0,0,126.1,114,58,125,53,14,7,10,0,0,0,4.13,1.32
Alex Wood,SF,30,23,23,0,0,125.2,116,57,135,39,14,10,4,0,0,0,4.08,1.23
Antonio Senzatela,COL,26,22,22,0,0,125.0,140,58,87,27,9,3,9,0,0,0,4.18,1.34
Max Fried,ATL,27,22,22,1,1,124.2,116,49,122,34,12,11,7,0,0,0,3.54,1.20
Jose Berrios,MIN,27,20,20,1,0,121.2,95,47,126,32,14,7,5,0,0,0,3.48,1.04
Freddy Peralta,MIL,25,23,22,1,0,121.1,63,33,164,51,10,9,3,0,0,0,2.45,0.94
JT Brubaker,PIT,27,23,23,0,0,121.1,119,71,124,36,28,5,13,0,0,0,5.27,1.28
Garrett Richards,BOS,33,28,22,0,0,120.2,141,65,99,51,18,6,7,1,0,1,4.85,1.59
Matt Harvey,BAL,32,26,26,0,0,119.1,145,82,93,35,18,6,14,0,0,0,6.18,1.51
Steven Matz,TOR,30,23,23,0,0,118.0,124,50,111,32,14,10,7,0,0,0,3.81,1.32
Jorge Lopez,BAL,28,28,25,0,0,117.1,138,80,108,55,19,3,14,0,0,0,6.14,1.64
Madison Bumgarner,ARI,32,21,21,1,1,117.1,107,57,101,30,16,7,9,0,0,0,4.37,1.17
Cal Quantrill,CLE,26,35,17,0,0,116.2,103,38,95,38,10,4,2,0,0,1,2.93,1.21
Drew Smyly,ATL,32,23,23,0,0,115.2,122,61,109,38,27,9,4,0,0,0,4.75,1.38
Carlos Rodon,CWS,28,20,20,1,1,114.2,80,31,163,31,12,10,5,0,0,0,2.43,0.97
John Means,BAL,28,20,20,1,1,114.1,95,44,104,19,23,5,6,0,0,0,3.46,1.00
Blake Snell,SD,28,24,24,0,0,114.0,100,58,149,65,16,6,5,0,0,0,4.58,1.45
Kyle Gibson,TEX,33,19,19,0,0,113.0,92,36,94,41,9,6,3,0,0,0,2.87,1.18
Adrian Houser,MIL,28,23,21,0,0,112.1,98,46,86,53,11,7,6,0,0,0,3.69,1.34
Austin Gomber,COL,27,22,22,0,0,111.0,98,54,111,35,18,9,8,0,0,0,4.38,1.20
Max Scherzer,WAS,37,19,19,1,0,111.0,71,34,147,28,18,8,4,0,0,0,2.76,0.89
Trevor Rogers,MIA,23,20,20,0,0,110.0,84,30,129,40,5,7,6,0,0,0,2.45,1.13
Brady Singer,KC,25,23,23,0,0,109.0,125,59,111,49,9,3,9,0,0,0,4.87,1.60
Johnny Cueto,SF,35,20,20,0,0,108.2,114,45,94,27,14,7,6,0,0,0,3.73,1.30
Erick Fedde,WAS,28,22,22,0,0,108.0,111,61,103,43,15,6,9,0,0,0,5.08,1.43
Joe Ross,WAS,28,20,19,0,0,108.0,98,50,109,34,17,5,9,0,0,0,4.17,1.22
Trevor Bauer,LAD,30,17,17,1,0,107.2,71,31,137,37,19,8,5,0,0,0,2.59,1.00
Marco Gonzales,SEA,29,19,19,1,0,107.1,99,48,83,32,22,6,5,0,0,0,4.02,1.22
Zach Plesac,CLE,26,19,19,0,0,107.1,103,57,73,24,20,8,4,0,0,0,4.78,1.18
Martin Perez,BOS,30,31,22,0,0,107.0,130,58,92,35,18,7,8,0,0,1,4.88,1.54
Kenta Maeda,MIN,33,21,21,0,0,106.1,106,55,113,32,16,6,5,0,0,0,4.66,1.30
Adbert Alzolay,CHC,26,21,21,0,0,106.1,96,61,107,32,24,4,13,0,0,0,5.16,1.20
Clayton Kershaw,LAD,33,18,18,0,0,106.1,85,40,127,19,13,9,7,0,0,0,3.39,0.98
Kolby Allard,TEX,24,26,16,0,0,106.0,106,59,86,24,23,3,11,0,0,0,5.01,1.23
Zach Eflin,PHI,27,18,18,0,0,105.2,116,49,99,16,15,4,7,0,0,0,4.17,1.25
Logan Webb,SF,24,20,19,0,0,105.1,88,31,111,29,8,8,3,0,0,1,2.65,1.11
Framber Valdez,HOU,27,17,17,1,0,105.0,85,34,99,43,8,9,4,0,0,0,2.91,1.22
Shohei Ohtani,LAA,27,19,19,0,0,105.0,72,35,127,39,11,8,1,0,0,0,3.00,1.06
Dane Dunning,TEX,26,22,22,0,0,104.1,112,50,98,36,10,5,8,0,0,0,4.31,1.42
Sonny Gray,CIN,31,20,20,0,0,103.2,93,45,124,41,12,6,6,0,0,0,3.91,1.29
Tyler Anderson,PIT,31,18,18,0,0,103.1,99,50,86,25,16,5,8,0,0,0,4.35,1.20
Ian Anderson,ATL,23,19,19,0,0,101.2,85,38,98,41,9,6,5,0,0,0,3.36,1.24
Pablo Lopez,MIA,25,19,19,0,0,101.0,85,34,111,25,10,5,5,0,0,0,3.03,1.09
Josh Fleming,TB,25,22,11,0,0,100.2,106,56,63,30,11,10,6,1,0,0,5.01,1.35
Shane McClanahan,TB,24,20,20,0,0,100.1,98,40,117,31,12,9,4,0,0,0,3.59,1.29
Caleb Smith,ARI,30,36,13,0,0,99.1,82,56,112,56,17,4,8,0,1,2,5.07,1.39
J.A. Happ,MIN,38,19,19,0,0,98.1,125,74,77,31,21,5,6,0,0,0,6.77,1.59
Chris Paddack,SD,25,21,20,0,0,97.2,106,54,95,20,13,7,6,0,0,0,4.98,1.29
Aaron Civale,CLE,26,15,15,0,0,97.2,81,36,76,23,14,10,2,0,0,0,3.32,1.06
Kwang Hyun Kim,STL,33,21,20,0,0,97.2,83,35,75,34,10,6,6,0,0,0,3.23,1.20
Kris Bubic,KC,24,23,15,0,0,97.1,99,56,88,50,20,4,6,0,0,0,5.18,1.53
Domingo German,NYY,29,21,18,0,0,97.0,88,48,95,25,17,4,5,0,0,1,4.45,1.16
Vladimir Gutierrez,CIN,25,17,17,0,0,96.0,92,43,75,35,15,9,5,0,0,0,4.03,1.32
Rich Hill,TB,41,19,19,0,0,95.1,75,41,91,36,14,6,4,0,0,0,3.87,1.16
Chi Chi Gonzalez,COL,29,21,16,0,0,94.2,112,64,54,24,17,3,6,0,0,0,6.08,1.44
Michael Wacha,TB,30,23,18,0,0,94.2,115,60,91,26,19,2,4,0,0,1,5.70,1.49
Andrew Heaney,LAA,30,18,18,0,0,94.0,92,55,113,31,16,6,7,0,0,0,5.27,1.31
Wil Crowe,PIT,26,21,20,0,0,94.0,103,57,88,46,20,3,7,0,0,0,5.46,1.59
James Kaprielian,OAK,27,17,17,0,0,93.2,77,38,95,34,15,7,4,0,0,0,3.65,1.19
Ross Stripling,TOR,31,20,19,0,0,93.1,86,45,91,28,19,5,6,0,0,0,4.34,1.22
Jacob deGrom,NYM,33,15,15,1,1,92.0,40,11,146,11,6,7,2,0,0,0,1.08,0.55
Triston McKenzie,CLE,24,19,18,0,0,91.1,58,49,107,47,16,3,5,0,0,0,4.83,1.15
Kyle Freeland,COL,28,17,17,0,0,90.2,98,42,80,23,15,5,6,0,0,0,4.17,1.33
Shane Bieber,CLE,26,14,14,0,0,90.2,80,33,130,33,11,7,4,0,0,0,3.28,1.25
Dylan Bundy,LAA,28,23,19,0,0,90.2,89,61,84,34,20,2,9,0,0,0,6.06,1.36
Alec Mills,CHC,29,26,14,0,0,89.2,102,43,65,25,8,6,6,1,0,0,4.32,1.42
Tyler Glasnow,TB,28,14,14,0,0,88.0,55,26,123,27,10,5,2,0,0,0,2.66,0.93
Cristian Javier,HOU,24,29,9,0,0,87.0,54,28,109,44,12,3,1,2,2,5,2.90,1.13
Patrick Sandoval,LAA,24,17,14,0,0,87.0,69,35,94,36,11,3,6,1,0,0,3.62,1.21
Brett Anderson,MIL,33,20,20,0,0,86.1,89,41,54,25,9,4,8,0,0,0,4.27,1.32
Jake Arrieta,CHC,35,20,20,0,0,86.1,113,66,74,39,21,5,11,0,0,0,6.88,1.76
Logan Gilbert,SEA,24,18,18,0,0,86.0,86,52,97,20,13,5,5,0,0,0,5.44,1.23
Matt Peacock,ARI,27,34,8,0,0,85.1,107,47,48,28,13,5,7,0,0,0,4.96,1.58
Zac Gallen,ARI,26,17,17,1,1,85.1,75,41,102,37,14,2,7,0,0,0,4.32,1.31
Michael Pineda,MIN,32,17,17,0,0,85.0,88,39,73,17,15,4,8,0,0,0,4.13,1.24
Jake Odorizzi,HOU,31,19,18,0,0,84.2,77,42,75,29,16,6,6,0,0,0,4.46,1.25
Ryan Weathers,SD,21,24,17,0,0,83.1,90,50,62,26,19,4,7,1,0,0,5.40,1.39
Jose Urena,DET,29,18,18,0,0,83.0,98,55,54,37,12,2,8,0,0,0,5.96,1.63
Carlos Martinez,STL,29,16,16,0,0,82.1,77,57,57,36,8,4,9,0,0,0,6.23,1.37
Eric Lauer,MIL,26,18,14,0,0,82.1,74,33,82,31,12,4,5,0,0,0,3.61,1.28
Vince Velasquez,PHI,29,21,17,0,0,81.2,76,54,85,45,17,3,6,0,0,0,5.95,1.48
Paolo Espino,WAS,34,29,13,0,0,80.2,79,37,65,15,15,4,4,1,0,0,4.13,1.17
Alex Cobb,LAA,33,15,15,0,0,77.2,72,33,84,26,3,7,3,0,0,0,3.82,1.26
Taylor Hearn,TEX,27,37,6,0,0,77.1,66,34,77,34,13,4,4,0,1,1,3.96,1.29
Jose Urquidy,HOU,26,14,14,0,0,77.1,61,29,66,13,12,6,3,0,0,0,3.38,0.96
John Gant,STL,29,25,14,0,0,76.1,64,29,56,56,6,4,6,0,0,1,3.42,1.57
Jack Flaherty,STL,25,14,14,0,0,76.0,54,26,81,24,11,9,2,0,0,0,3.08,1.03
Jon Lester,WAS,37,16,16,0,0,75.1,91,42,51,29,14,3,5,0,0,0,5.02,1.59
Bailey Ober,MIN,26,16,16,0,0,74.2,73,33,77,17,15,2,2,0,0,0,3.98,1.21
Tyler Alexander,DET,27,34,9,0,0,74.2,78,36,61,17,13,2,2,0,0,3,4.34,1.27
Matthew Boyd,DET,30,14,14,0,0,74.2,70,29,61,21,8,3,7,0,0,0,3.50,1.22
Alek Manoah,TOR,23,14,14,0,0,74.1,54,26,86,25,9,5,2,0,0,0,3.15,1.06
Craig Stammen,SD,37,57,4,0,0,74.1,69,24,70,13,10,6,3,1,1,7,2.91,1.10
Justus Sheffield,SEA,25,15,15,0,0,73.2,96,53,59,35,14,5,8,0,0,0,6.48,1.78
Mitch Keller,PIT,25,17,17,0,0,72.0,92,54,68,38,10,4,10,0,0,0,6.75,1.81
Chad Kuhl,PIT,28,18,14,0,0,72.0,61,34,64,37,9,4,6,0,0,1,4.25,1.36
Keegan Akin,BAL,26,19,12,0,0,70.2,91,57,63,29,13,1,8,0,0,0,7.26,1.70
Duane Underwood,PIT,27,41,0,0,0,70.2,75,33,64,26,7,2,3,0,0,2,4.20,1.43
Chad Green,NYY,30,54,0,0,0,68.0,46,24,78,13,11,7,6,6,4,18,3.18,0.87
Jose Suarez,LAA,23,18,9,0,0,68.0,63,31,61,28,9,5,7,0,0,0,4.10,1.34
David Price,LAD,36,33,11,0,0,67.1,69,29,55,20,7,4,2,1,0,1,3.88,1.32
Riley Smith,ARI,26,24,6,0,0,67.1,86,45,36,15,10,1,4,1,0,0,6.01,1.50
Ranger Suarez,PHI,26,33,6,0,0,67.0,43,11,65,27,3,6,4,4,3,0,1.48,1.04
David Peterson,NYM,25,15,15,0,0,66.2,64,41,69,29,11,2,6,0,0,0,5.54,1.40
Giovanny Gallegos,STL,30,58,0,0,0,65.2,42,22,74,15,5,5,5,3,7,23,3.02,0.87
Jonathan Loaisiga,NYY,26,52,0,0,0,65.2,54,16,65,15,2,9,4,5,3,16,2.19,1.05
Yusmeiro Petit,OAK,36,65,0,0,0,65.2,55,22,32,11,8,8,1,2,4,19,3.02,1.01
Carlos Hernandez,KC,24,20,7,0,0,64.2,50,26,66,28,6,4,1,0,0,0,3.62,1.21
Tylor Megill,NYM,26,13,13,0,0,64.2,62,29,70,18,12,2,3,0,0,0,4.04,1.24
Chris Stratton,PIT,31,54,0,0,0,64.2,58,26,67,28,8,5,0,2,2,7,3.62,1.33
Matt Moore,PHI,32,20,12,0,0,64.2,70,44,57,30,14,2,4,0,0,1,6.12,1.55
Nabil Crismatt,SD,26,34,0,0,0,64.1,64,22,59,18,7,2,1,0,0,1,3.08,1.27
Brent Suter,MIL,32,51,1,0,0,63.2,63,22,61,20,8,12,5,1,8,6,3.11,1.30
Scott Barlow,KC,28,60,0,0,0,63.1,54,18,77,23,3,5,3,10,6,14,2.56,1.22
Garrett Whitlock,BOS,25,38,0,0,0,63.0,53,11,71,15,4,6,2,1,2,13,1.57,1.08
Tyler Rogers,SF,30,63,0,0,0,63.0,55,13,41,9,4,4,1,12,5,24,1.86,1.02
Zach Thompson,MIA,27,13,13,0,0,62.2,48,22,52,22,6,2,6,0,0,0,3.16,1.12
Griffin Canning,LAA,25,14,13,0,0,62.2,65,39,62,28,14,5,4,0,0,0,5.60,1.48
Johan Oviedo,STL,23,14,13,0,0,62.1,61,34,51,37,8,0,5,0,0,0,4.91,1.57
Jeff Hoffman,CIN,28,22,11,0,0,62.0,58,28,61,37,8,3,5,0,0,2,4.06,1.53
Huascar Ynoa,ATL,23,12,11,0,0,62.0,46,20,66,16,9,4,4,0,0,0,2.90,1.00
Wily Peralta,DET,32,13,12,0,0,62.0,55,25,39,23,10,3,3,0,0,1,3.63,1.26
Junior Guerra,LAA,36,38,1,0,0,62.0,62,41,58,41,6,5,2,0,2,2,5.95,1.66
Mike Mayers,LAA,29,60,1,0,0,61.2,64,29,75,20,11,4,4,2,3,14,4.23,1.36
Nestor Cortes,NYY,26,16,8,0,0,61.2,48,19,64,19,7,2,2,0,0,0,2.77,1.09
Eli Morgan,CLE,25,13,13,0,0,61.2,65,41,61,15,15,2,6,0,0,0,5.98,1.30
Andrew Kittredge,TB,31,46,4,0,0,61.1,41,9,67,14,4,8,2,4,0,6,1.32,0.90
Taylor Widener,ARI,26,13,13,0,0,61.0,53,29,64,32,13,2,1,0,0,0,4.28,1.39
Danny Duffy,KC,32,13,12,0,0,61.0,52,17,65,22,6,4,3,0,0,0,2.51,1.21
Matt Shoemaker,MIN,34,16,11,0,0,60.1,73,54,40,27,15,3,8,0,0,0,8.06,1.66
Bryan Shaw,CLE,33,63,0,0,0,60.0,52,22,62,32,7,6,6,2,5,17,3.30,1.40
Lou Trivino,OAK,29,58,0,0,0,60.0,45,17,51,29,5,5,7,21,4,6,2.55,1.23
Bruce Zimmermann,BAL,26,12,11,0,0,59.2,68,32,53,20,12,4,4,0,0,0,4.83,1.47
Lucas Luetge,NYY,34,48,1,0,0,59.1,58,20,65,11,6,4,2,1,2,3,3.03,1.16
Matt Manning,DET,23,12,12,0,0,59.1,72,36,34,18,7,3,5,0,0,0,5.46,1.52
Raisel Iglesias,LAA,31,54,0,0,0,59.0,41,18,89,9,10,7,4,28,5,0,2.75,0.85
Trevor Williams,CHC,29,13,12,0,0,58.2,68,33,61,22,10,4,2,0,0,0,5.06,1.53
Blake Treinen,LAD,33,58,0,0,0,58.1,37,13,66,18,4,4,5,5,4,25,2.01,0.94
Alex Reyes,STL,27,56,0,0,0,58.0,37,19,72,44,5,5,7,29,4,0,2.95,1.40
Corey Kluber,NYY,35,11,11,1,1,57.1,46,23,61,25,6,4,3,0,0,0,3.61,1.24
Jose Cisnero,DET,32,61,0,0,0,57.1,44,17,59,26,5,3,4,4,2,17,2.67,1.22
Luis Patino,TB,21,13,11,0,0,57.1,50,27,58,22,10,4,3,0,0,0,4.24,1.26
Steve Cishek,LAA,35,62,0,0,0,57.0,53,20,54,34,1,0,1,0,2,16,3.16,1.53
Genesis Cabrera,STL,24,59,0,0,0,56.2,46,27,64,30,3,2,5,0,3,23,4.29,1.34
Sam Hentges,CLE,25,21,12,0,0,56.2,80,46,54,30,8,1,4,0,0,0,7.31,1.94
Liam Hendriks,CWS,32,55,0,0,0,56.1,38,20,92,7,11,8,3,29,6,0,3.20,0.80
Adam Plutko,BAL,29,38,1,0,0,56.1,65,42,44,27,17,1,2,1,2,5,6.71,1.63
Emmanuel Clase,CLE,23,58,0,0,0,56.1,42,9,62,15,2,3,5,19,4,6,1.44,1.01
Gregory Soto,DET,26,56,0,0,0,56.0,43,20,67,34,7,6,3,16,1,7,3.21,1.38
Ryne Stanek,HOU,30,59,0,0,0,56.0,38,24,72,32,7,1,3,2,2,17,3.86,1.25
Brad Boxberger,MIL,33,59,0,0,0,56.0,35,14,69,22,5,5,3,4,2,20,2.25,1.02
Hector Neris,PHI,32,58,0,0,0,56.0,41,22,73,25,8,2,5,12,6,7,3.54,1.18
Miguel Castro,NYM,26,55,2,0,0,55.2,41,21,62,35,7,3,4,0,2,7,3.40,1.37
Dillon Tate,BAL,27,49,0,0,0,55.0,48,28,44,21,5,0,4,2,1,6,4.58,1.25
Ervin Santana,KC,38,31,2,0,0,55.0,48,27,43,16,9,1,1,0,0,1,4.42,1.16
Jake McGee,SF,35,57,0,0,0,54.2,37,16,56,10,6,3,2,29,4,8,2.63,0.86
Michael Fulmer,DET,28,39,4,0,0,54.2,57,22,60,16,7,5,6,8,3,6,3.62,1.34
Kyle Funkhouser,DET,27,43,2,0,0,54.1,42,17,49,27,3,6,2,0,1,7,2.82,1.27
Jarlin Garcia,SF,28,45,0,0,0,54.1,31,15,58,13,7,5,3,1,2,8,2.48,0.81
Emilio Pagan,SD,30,56,0,0,0,54.1,42,20,63,14,9,4,0,0,3,17,3.31,1.03
James Karinchak,CLE,25,59,0,0,0,54.1,35,25,77,32,9,7,4,11,5,13,4.14,1.23
Kenley Jansen,LAD,33,54,0,0,0,54.1,32,16,66,32,3,2,4,29,5,0,2.65,1.18
Jake Brentz,KC,26,59,0,0,0,54.1,33,19,64,34,5,3,2,2,2,13,3.15,1.23
Mark Melancon,SD,36,53,0,0,0,54.1,41,12,48,20,4,3,2,35,5,0,1.99,1.12
Ryan Pressly,HOU,32,52,0,0,0,54.0,39,11,68,10,4,5,1,22,2,1,1.83,0.91
Will Smith,ATL,32,57,0,0,0,54.0,43,23,68,21,9,3,6,29,4,0,3.83,1.19
Drew Steckenrider,SEA,30,47,0,0,0,53.2,38,11,48,14,4,5,2,7,3,4,1.84,0.97
Griffin Jax,MIN,26,12,8,0,0,53.2,53,40,44,22,16,3,3,0,0,0,6.71,1.40
Tyler Kinley,COL,30,53,0,0,0,53.2,49,32,53,24,9,2,2,0,3,6,5.37,1.36
David Bednar,PIT,26,55,0,0,0,53.2,36,14,65,16,5,3,1,2,2,10,2.35,0.97
Jose Quintana,LAA,32,24,10,0,0,53.1,66,40,73,29,9,0,3,0,0,2,6.75,1.78
Brett Martin,TEX,26,55,0,0,0,53.0,58,21,35,13,5,3,4,0,2,7,3.57,1.34
Jose Ruiz,CWS,26,48,0,0,0,52.2,40,20,55,25,7,1,2,0,0,3,3.42,1.23
Jose Alvarez,SF,32,51,1,0,0,52.2,38,14,34,14,2,4,2,0,0,5,2.39,0.99
Josh Staumont,KC,27,51,0,0,0,52.1,39,19,60,22,6,3,2,5,0,9,3.27,1.17
Kyle Finnegan,WAS,29,55,0,0,0,52.0,48,16,51,26,5,4,5,6,1,12,2.77,1.42
Adam Ottavino,BOS,35,56,0,0,0,52.0,43,20,56,30,0,3,3,10,4,20,3.46,1.40
Michael Kopech,CWS,25,33,3,0,0,51.2,40,20,72,20,6,3,2,0,1,13,3.48,1.16
Edwin Diaz,NYM,27,51,0,0,0,51.2,37,20,73,19,2,4,4,26,4,0,3.48,1.08
Collin McHugh,TB,34,29,5,0,0,51.1,35,8,66,10,2,5,1,1,1,5,1.40,0.88
Trevor May,NYM,31,55,0,0,0,51.1,45,22,68,18,8,6,2,4,2,11,3.86,1.23
Daniel Bard,COL,36,53,0,0,0,51.1,62,32,65,24,8,7,7,20,8,1,5.61,1.68
Sergio Romo,OAK,38,54,0,0,0,51.0,37,18,52,17,4,1,0,1,2,11,3.18,1.06
Connor Brogdon,PHI,26,50,1,0,0,51.0,44,21,43,17,5,5,3,1,4,9,3.71,1.20
Caleb Thielbar,MIN,34,46,0,0,0,51.0,43,21,64,15,6,6,0,0,0,9,3.71,1.14
Dylan Floro,MIA,30,54,0,0,0,51.0,43,17,47,21,1,5,4,7,4,11,3.00,1.25
Alex Colome,MIN,32,53,0,0,0,50.2,51,24,41,21,7,4,4,10,6,5,4.26,1.42
Justin Dunn,SEA,25,11,11,0,0,50.1,37,21,49,29,6,1,3,0,0,0,3.75,1.31
Spencer Turnbull,DET,28,9,9,1,1,50.0,37,16,44,12,2,4,2,0,0,0,2.88,0.98
Trevor Stephan,CLE,25,33,0,0,0,50.0,49,25,58,26,12,3,0,0,0,1,4.50,1.50
Dean Kremer,BAL,25,12,12,0,0,49.2,56,40,45,24,14,0,7,0,0,0,7.25,1.61
Luke Jackson,ATL,30,56,0,0,0,49.2,37,11,54,24,5,1,2,0,2,23,1.99,1.23
Matt Barnes,BOS,31,54,0,0,0,49.2,36,21,78,17,7,6,5,24,6,0,3.81,1.07
Anthony Bass,MIA,33,57,1,0,0,49.2,42,22,48,21,8,1,7,0,4,16,3.99,1.27
Jake Diekman,OAK,34,54,0,0,0,49.2,35,16,67,26,6,3,2,7,6,11,2.90,1.23
Devin Williams,MIL,26,53,0,0,0,49.1,33,11,77,24,4,7,1,3,3,22,2.01,1.16
Tyler Matzek,ATL,30,55,0,0,0,49.1,28,12,65,30,2,0,3,0,0,22,2.19,1.18
Deolis Guerra,OAK,32,39,0,0,0,49.1,32,18,48,14,4,2,1,0,0,1,3.28,0.93
Nick Wittgren,CLE,30,47,0,0,0,49.1,46,25,54,13,10,2,7,1,0,7,4.56,1.20
Tim Hill,SD,31,64,0,0,0,49.1,44,21,53,22,7,5,6,1,3,15,3.83,1.34
Josh Tomlin,ATL,36,35,0,0,0,49.1,69,36,37,5,10,4,0,0,0,2,6.57,1.50
Jordan Romano,TOR,28,49,0,0,0,49.0,36,12,65,20,5,6,1,14,1,5,2.20,1.14
Jhoulys Chacin,COL,33,33,1,0,0,49.0,40,23,36,23,6,2,1,0,1,11,4.22,1.29
Anthony Bender,MIA,26,48,1,0,0,49.0,35,16,61,14,5,2,2,3,2,8,2.94,1.00
Tanner Scott,BAL,27,57,0,0,0,49.0,36,23,65,35,4,5,4,0,2,14,4.22,1.45
Daniel Lynch,KC,24,10,10,0,0,48.1,55,24,40,22,4,4,3,0,0,0,4.47,1.59
Michael King,NYY,26,14,6,0,0,48.1,46,20,47,21,5,0,4,0,0,0,3.72,1.39
Cole Sulser,BAL,31,47,0,0,0,48.0,38,17,62,21,5,3,3,5,2,3,3.19,1.23
Chase Anderson,PHI,33,14,9,0,0,48.0,51,36,35,20,10,2,4,0,0,0,6.75,1.48
Josh Hader,MIL,27,49,0,0,0,47.2,22,8,81,16,3,4,2,28,1,0,1.51,0.80
Tyler Duffey,MIN,30,51,0,0,0,47.1,44,19,42,26,3,2,3,2,2,16,3.61,1.48
Rex Brothers,CHC,33,50,0,0,0,47.1,35,26,71,26,8,3,2,1,0,8,4.94,1.29
Richard Bleier,MIA,34,55,0,0,0,47.1,47,17,37,4,4,2,2,0,6,15,3.23,1.08
Paul Fry,BAL,29,52,0,0,0,47.1,37,32,60,35,3,4,5,2,2,11,6.08,1.52
Ryan Helsley,STL,27,51,0,0,0,47.1,40,24,47,27,4,6,4,1,2,10,4.56,1.42
Josh Sborz,TEX,27,51,0,0,0,47.1,42,23,55,24,7,3,3,1,3,7,4.37,1.39
Carlos Estevez,COL,28,49,0,0,0,47.1,49,21,49,17,6,2,3,3,4,15,3.99,1.39
J.C. Mejia,CLE,25,14,11,0,0,47.1,55,46,43,23,11,1,7,0,0,0,8.75,1.65
Trent Thornton,TOR,27,36,3,0,0,47.0,52,24,48,15,11,1,3,0,0,0,4.60,1.43
Tyler Wells,BAL,27,33,0,0,0,47.0,32,19,59,10,8,2,1,0,1,0,3.64,0.89
Spenser Watkins,BAL,29,11,10,0,0,47.0,60,39,32,17,9,2,7,0,0,0,7.47,1.64
Jorge Alcala,MIN,26,47,0,0,0,47.0,40,25,46,11,10,3,5,0,4,7,4.79,1.09
Hirokazu Sawamura,BOS,33,50,0,0,0,46.2,37,16,54,29,9,4,1,0,0,11,3.09,1.41
Jeurys Familia,NYM,31,49,0,0,0,46.2,48,19,57,23,7,7,3,1,5,8,3.66,1.52
Keegan Thompson,CHC,26,29,3,0,0,46.2,40,16,45,26,7,3,3,1,1,1,3.09,1.41
Greg Holland,KC,35,50,0,0,0,46.2,45,30,47,25,9,2,5,7,4,8,5.79,1.50
Zack Littell,SF,25,47,2,0,0,46.1,33,15,37,19,4,1,0,2,1,5,2.91,1.12
Anthony Misiewicz,SEA,26,54,0,0,0,46.1,48,21,47,11,5,4,4,0,4,15,4.08,1.27
John King,TEX,26,27,0,0,0,46.0,41,18,40,12,3,7,5,0,1,4,3.52,1.15
Austin Voth,WAS,29,36,1,0,0,46.0,42,23,44,19,7,3,0,0,3,4,4.50,1.33
Austin Adams,SD,30,57,0,0,0,45.2,22,15,67,30,0,3,2,0,1,10,2.96,1.14
Paul Sewald,SEA,31,44,0,0,0,45.1,29,13,73,13,4,8,3,7,2,11,2.58,0.93
Pierce Johnson,SD,30,50,1,0,0,45.1,33,15,62,23,5,3,3,0,1,7,2.98,1.24
Cesar Valdez,BAL,36,38,0,0,0,45.1,61,29,44,13,8,2,1,8,4,0,5.76,1.63
Garrett Crochet,CWS,22,42,0,0,0,44.2,35,15,58,24,2,3,5,0,1,8,3.02,1.32
Jeffrey Springs,TB,28,43,0,0,0,44.2,35,17,63,14,9,5,1,2,2,10,3.43,1.10
Tanner Houck,BOS,25,11,9,0,0,44.2,42,18,55,12,3,0,3,1,0,0,3.63,1.21
Aaron Loup,NYM,33,52,2,0,0,44.1,31,6,48,9,1,3,0,0,3,13,1.22,0.90
Hansel Robles,MIN,31,45,0,0,0,44.0,37,24,43,24,6,3,4,10,2,14,4.91,1.39
Jose Alvarado,PHI,26,48,0,0,0,43.2,35,20,59,40,4,6,1,5,2,11,4.12,1.72
Chase De Jong,PIT,27,9,9,0,0,43.2,49,28,39,19,11,1,4,0,0,0,5.77,1.56
Randy Dobnak,MIN,26,13,5,0,0,43.2,60,38,25,12,11,1,6,1,0,0,7.83,1.65
Zach Pop,MIA,24,38,0,0,0,43.1,41,21,40,19,3,1,0,0,1,1,4.36,1.38
Aaron Bummer,CWS,27,47,0,0,0,43.1,38,21,62,28,2,2,5,2,6,16,4.36,1.52
Ross Detwiler,MIA,35,44,5,0,0,43.1,40,25,53,15,8,2,1,0,0,1,5.19,1.27
Rafael Montero,SEA,30,40,0,0,0,43.1,56,35,37,15,4,5,3,7,6,4,7.27,1.64
Ryan Tepera,CHC,33,43,0,0,0,43.1,22,14,50,12,3,0,2,1,2,15,2.91,0.78
Aroldis Chapman,NYY,33,47,0,0,0,43.0,30,18,72,31,7,5,3,24,4,1,3.77,1.42
Josh Taylor,BOS,28,54,0,0,0,42.2,41,16,54,22,2,1,0,0,0,14,3.38,1.48
Brad Hand,WAS,31,41,0,0,0,42.2,31,17,42,18,5,5,5,21,5,0,3.59,1.15
Heath Hembree,CIN,32,45,0,0,0,42.1,32,30,68,19,10,2,7,8,2,6,6.38,1.20
Wade LeBlanc,STL,37,12,8,0,0,42.1,45,17,23,16,7,0,1,0,0,0,3.61,1.44
Tim Mayza,TOR,29,50,0,0,0,42.0,33,17,43,9,4,4,2,1,2,13,3.64,1.00
Kyle Zimmer,KC,29,42,2,0,0,42.0,31,22,40,25,5,4,1,2,1,10,4.71,1.33
Clay Holmes,PIT,28,44,0,0,0,42.0,35,23,44,25,3,3,2,0,0,6,4.93,1.43
Miguel Diaz,SD,26,25,2,0,0,42.0,31,17,46,19,8,3,1,1,0,1,3.64,1.19
Alex Young,ARI,27,30,2,0,0,41.2,50,29,38,20,11,2,6,0,2,3,6.26,1.68
Phil Bickford,LAD,26,44,0,0,0,41.2,28,11,51,15,4,2,1,1,2,7,2.38,1.03
Archie Bradley,PHI,29,43,0,0,0,41.2,41,16,30,20,4,7,2,2,2,11,3.46,1.46
Taylor Clarke,ARI,28,40,0,0,0,41.1,49,21,36,11,4,1,1,0,1,7,4.57,1.45
Drew Smith,NYM,27,31,1,0,0,41.1,28,11,41,16,7,3,1,0,0,1,2.40,1.06
Phil Maton,CLE,28,38,1,0,0,41.1,36,21,61,20,4,2,0,0,1,4,4.57,1.35
A.J. Minter,ATL,27,49,0,0,0,41.0,37,18,50,18,2,2,4,0,6,21,3.95,1.34
Burch Smith,OAK,31,28,0,0,0,41.0,45,25,26,11,5,1,1,0,1,4,5.49,1.37
Taylor Rogers,MIN,30,40,0,0,0,40.1,38,15,59,8,4,2,4,9,4,8,3.35,1.14
Chasen Shreve,PIT,31,43,0,0,0,40.1,30,14,32,20,6,2,1,0,1,5,3.12,1.24
Touki Toussaint,ATL,25,8,7,0,0,40.0,31,16,40,15,7,3,2,0,0,0,3.60,1.15
Luke Weaver,ARI,28,8,8,0,0,40.0,35,20,38,13,6,2,3,0,0,0,4.50,1.20
John Curtiss,MIA,28,35,3,0,0,40.0,34,11,40,9,4,3,1,0,0,1,2.48,1.08
Dan Winkler,CHC,31,47,0,0,0,39.2,32,23,40,30,5,1,3,0,1,6,5.22,1.56
Andrew Chafin,CHC,31,43,0,0,0,39.1,21,9,37,12,1,0,2,0,1,17,2.06,0.84
Jake Woodford,STL,24,20,3,0,0,39.0,43,22,32,17,7,2,3,0,0,0,5.08,1.54
Sam Clay,WAS,28,49,0,0,0,38.2,47,25,29,19,4,0,4,0,1,9,5.82,1.71
Mitch White,LAD,26,18,3,0,0,38.2,33,15,41,17,5,1,2,0,2,0,3.49,1.29
Codi Heuer,CWS,25,40,0,0,0,38.2,45,22,39,10,5,4,1,0,0,13,5.12,1.42
Sammy Long,SF,26,10,5,0,0,38.1,35,24,38,13,4,2,1,0,0,0,5.63,1.25
Joey Lucchesi,NYM,28,11,8,0,0,38.1,34,19,41,11,4,1,4,0,0,0,4.46,1.17
Richard Rodriguez,PIT,31,37,0,0,0,38.1,27,12,33,5,2,4,2,14,3,0,2.82,0.83
Joe Jimenez,DET,26,45,0,0,0,38.1,30,25,49,29,6,4,1,1,1,5,5.87,1.54
Luis Cessa,NYY,29,29,0,0,0,38.1,31,12,31,17,2,3,1,0,0,1,2.82,1.25
Sean Doolittle,CIN,34,45,0,0,0,38.1,40,19,41,18,6,3,1,1,4,4,4.46,1.51
Brooks Raley,HOU,33,45,0,0,0,38.0,37,23,52,13,5,2,3,2,3,7,5.45,1.32
Jesus Luzardo,OAK,23,13,6,0,0,38.0,46,29,40,16,11,2,4,0,0,1,6.87,1.63
Edgar Santana,ATL,29,36,0,0,0,37.2,33,16,31,9,7,3,0,0,0,3,3.82,1.12
Yency Almonte,COL,27,39,0,0,0,37.2,37,35,36,25,8,1,2,0,3,3,8.36,1.65
Wade Davis,KC,35,36,0,0,0,37.2,37,27,31,16,7,0,3,2,1,2,6.45,1.41
Brandon Bielak,HOU,25,23,0,0,0,37.2,38,22,32,11,5,3,3,0,1,2,5.26,1.30
Matt Andriese,BOS,32,26,0,0,0,37.1,55,25,38,11,7,2,3,1,3,3,6.03,1.77
Dominic Leone,SF,29,40,0,0,0,37.0,24,7,37,18,2,3,2,1,2,13,1.70,1.14
Kyle Gibson,PHI,33,6,5,0,0,37.0,32,13,22,12,2,4,2,0,0,0,3.16,1.19
Trevor Cahill,PIT,33,9,8,0,0,37.0,42,27,32,14,4,1,5,0,0,0,6.57,1.51
Craig Kimbrel,CHC,33,39,0,0,0,36.2,13,2,64,13,1,2,3,23,2,0,0.49,0.71
Daniel Norris,DET,28,38,0,0,0,36.2,38,24,40,15,4,1,3,1,2,6,5.89,1.45
Kyle Muller,ATL,23,9,8,0,0,36.2,26,17,37,20,2,2,4,0,0,0,4.17,1.25
Chris Martin,ATL,35,39,0,0,0,36.1,40,16,26,5,3,2,3,1,3,13,3.96,1.24
Amir Garrett,CIN,29,51,0,0,0,36.1,37,26,50,26,8,0,3,7,4,7,6.44,1.73
Yimi Garcia,MIA,31,39,0,0,0,36.1,31,14,35,13,5,3,7,15,3,2,3.47,1.21
Diego Castillo,TB,27,37,0,0,0,36.1,26,11,49,10,5,2,4,14,2,3,2.72,0.99
Jordan Holloway,MIA,25,13,4,0,0,36.0,23,16,36,26,3,2,3,0,0,0,4.00,1.36
Bryan Abreu,HOU,24,31,0,0,0,36.0,35,23,36,18,4,3,3,1,4,7,5.75,1.47
Tony Gonsolin,LAD,27,10,9,0,0,35.2,26,11,42,26,4,2,1,0,0,0,2.78,1.46
Nick Neidert,MIA,24,8,7,0,0,35.2,31,18,21,23,4,1,2,0,0,0,4.54,1.51
Buck Farmer,DET,30,36,0,0,0,35.1,40,25,37,21,9,0,0,0,1,2,6.37,1.73
Lucas Sims,CIN,27,35,0,0,0,35.1,27,21,55,18,5,5,2,7,3,5,5.35,1.27
Aaron Sanchez,SF,29,9,7,0,0,35.1,32,12,26,15,2,1,1,0,0,0,3.06,1.33
Victor Gonzalez,LAD,25,44,1,0,0,35.1,32,14,33,19,3,3,1,1,1,16,3.57,1.44
Will Vest,SEA,26,32,0,0,0,35.0,38,24,27,18,2,1,0,0,0,6,6.17,1.60
Drew Rasmussen,TB,26,15,5,0,0,35.0,28,12,33,11,2,1,0,0,0,1,3.09,1.11
Jakob Junis,KC,28,15,5,0,0,34.2,39,20,35,11,6,2,3,0,2,0,5.19,1.44
Dinelson Lamet,SD,29,11,9,0,0,34.1,37,14,38,11,4,2,3,0,0,0,3.67,1.40
Adam Cimber,MIA,31,33,0,0,0,34.1,30,11,21,11,0,1,2,0,0,0,2.88,1.19
Wander Suero,WAS,29,38,0,0,0,34.1,36,24,34,11,8,2,2,0,3,5,6.29,1.37
Phillips Valdez,BOS,29,25,0,0,0,34.0,29,21,33,17,4,2,0,1,0,2,5.56,1.35
Ryan Thompson,TB,29,36,0,0,0,34.0,26,9,37,9,3,3,2,0,4,11,2.38,1.03
Tyler Anderson,SEA,31,6,6,0,0,34.0,36,12,25,3,5,1,1,0,0,0,3.18,1.15
Braxton Garrett,MIA,24,8,7,0,0,34.0,42,19,32,20,3,1,2,0,0,0,5.03,1.82
Jaime Barria,LAA,25,8,6,0,0,34.0,39,21,19,13,5,2,2,0,0,0,5.56,1.53
Darwinzon Hernandez,BOS,24,41,0,0,0,34.0,25,13,46,26,4,2,2,0,3,11,3.44,1.50
Seth Lugo,NYM,31,33,0,0,0,34.0,29,12,38,12,3,3,2,1,1,8,3.18,1.21
Reynaldo Lopez,CWS,27,13,4,0,0,34.0,17,6,37,7,3,3,1,0,0,0,1.59,0.71
Anthony Kay,TOR,26,11,5,0,0,33.2,38,21,39,18,7,1,2,0,0,0,5.61,1.66
Bryse Wilson,ATL,23,8,8,0,0,33.2,45,22,23,12,7,2,3,0,0,0,5.88,1.69
Tejay Antone,CIN,27,23,0,0,0,33.2,17,8,42,13,3,2,0,3,4,8,2.14,0.89
Derek Holland,DET,34,27,1,0,0,33.2,46,24,40,17,5,2,2,0,0,3,6.42,1.87
Nick Sandlin,CLE,24,34,0,0,0,33.2,21,11,48,17,2,1,1,0,1,5,2.94,1.13
Matt Foster,CWS,26,31,0,0,0,33.1,36,21,36,11,9,2,1,1,1,2,5.67,1.41
Robert Stephenson,COL,28,37,0,0,0,33.1,34,15,40,16,5,1,1,0,1,3,4.05,1.50
Tony Watson,LAA,36,36,0,0,0,33.0,25,17,25,14,3,3,3,0,3,12,4.64,1.18
Blake Taylor,HOU,26,38,0,0,0,33.0,32,13,35,16,4,2,4,0,4,5,3.55,1.45
Kendall Graveman,SEA,30,30,0,0,0,33.0,15,3,34,8,2,4,0,10,2,4,0.82,0.70
Alex Claudio,LAA,29,41,0,0,0,32.2,37,20,30,15,6,1,2,1,0,2,5.51,1.59
Daniel Hudson,WAS,34,31,0,0,0,32.2,23,8,48,7,4,4,1,0,2,15,2.20,0.92
Ian Kennedy,TEX,36,32,0,0,0,32.1,27,9,35,7,5,0,0,16,1,0,2.51,1.05
Blake Parker,CLE,36,33,0,0,0,32.1,29,8,25,8,3,1,0,0,0,1,2.23,1.14
Rafael Dolis,TOR,33,39,0,0,0,32.0,29,20,39,27,2,2,3,3,1,3,5.63,1.75
Joe Kelly,LAD,33,34,0,0,0,32.0,24,13,37,11,3,2,0,1,1,4,3.66,1.09
Pete Fairbanks,TB,27,35,0,0,0,32.0,26,12,40,15,2,3,4,5,1,11,3.38,1.28
Josiah Gray,WAS,23,6,6,0,0,32.0,30,15,33,11,9,0,2,0,0,0,4.22,1.28
Bryan Garcia,DET,26,32,0,0,0,32.0,36,26,28,20,8,1,1,2,1,3,7.31,1.75
Ryan Hendrix,CIN,26,36,0,0,0,31.2,33,21,35,16,8,5,1,0,1,3,5.97,1.55
Rich Hill,NYM,41,7,6,0,0,31.2,34,17,24,7,5,0,2,0,0,0,4.83,1.29
Jon Lester,STL,37,6,6,0,0,31.2,36,18,17,13,3,2,1,0,0,0,5.12,1.55
Alex Vesia,LAD,25,29,0,0,0,31.1,10,9,41,17,4,2,1,0,1,5,2.59,0.86
Jose Berrios,TOR,27,6,6,0,0,31.1,38,13,36,8,3,2,2,0,0,0,3.73,1.47
Keynan Middleton,SEA,27,32,1,0,0,31.0,30,17,24,19,2,1,2,4,0,3,4.94,1.58
Hyeon-Jong Yang,TEX,33,9,4,0,0,31.0,33,18,20,16,7,0,3,0,0,0,5.23,1.58
Ben Bowden,COL,26,35,0,0,0,31.0,38,23,40,18,5,3,2,0,1,1,6.68,1.81
Aaron Slegers,LAA,28,29,0,0,0,31.0,43,24,25,15,6,2,2,0,2,2,6.97,1.87
Andrew Miller,STL,36,34,0,0,0,31.0,37,17,31,14,4,0,0,0,0,4,4.94,1.65
Joe Mantiply,ARI,30,41,0,0,0,30.2,36,14,27,15,1,0,2,0,2,9,4.11,1.66
Sam Coonrod,PHI,28,29,0,0,0,30.2,29,14,32,10,5,1,2,2,3,8,4.11,1.27
Sam Howard,PIT,28,39,0,0,0,30.2,23,22,43,23,5,2,2,0,0,10,6.46,1.50
Cody Poteet,MIA,27,7,7,0,0,30.2,25,17,32,16,7,2,3,0,0,0,4.99,1.34
Wandy Peralta,NYY,30,33,1,0,0,30.0,25,11,21,9,4,2,2,3,0,5,3.30,1.13
JT Chargois,SEA,30,31,0,0,0,30.0,23,10,29,6,2,1,0,0,2,9,3.00,0.97
Joel Payamps,TOR,27,22,0,0,0,30.0,21,9,22,11,3,0,2,0,0,0,2.70,1.07
Brandon Kintzler,PHI,37,29,1,0,0,29.2,45,21,22,8,7,2,1,0,2,2,6.37,1.79
Mychal Givens,COL,31,31,0,0,0,29.2,25,9,34,14,5,3,2,0,1,8,2.73,1.31
Daniel Ponce de Leon,STL,29,20,2,0,0,29.2,31,20,21,15,5,1,1,2,1,0,6.07,1.55
Chris Rodriguez,LAA,23,15,2,0,0,29.2,28,12,29,15,0,2,1,0,1,2,3.64,1.45
Kyle McGowin,WAS,29,26,0,0,0,29.1,21,14,35,13,5,0,0,0,0,1,4.30,1.16
Joakim Soria,ARI,37,31,0,0,0,29.1,31,14,31,8,4,1,4,6,2,3,4.30,1.33
Lucas Gilbreath,COL,25,32,1,0,0,29.0,25,15,30,18,4,0,1,1,0,2,4.66,1.48
Max Scherzer,LAD,37,5,5,0,0,29.0,19,5,41,5,2,4,0,0,0,0,1.55,0.83
Jimmy Nelson,LAD,32,28,1,0,0,29.0,14,6,44,13,0,1,2,0,1,6,1.86,0.93
Brad Brach,CIN,35,33,0,0,0,29.0,26,18,32,17,4,1,1,1,2,10,5.59,1.48
Albert Abreu,NYY,25,20,0,0,0,28.2,18,13,30,14,5,2,0,1,0,1,4.08,1.12
Logan Allen,CLE,24,8,8,0,0,28.2,31,24,20,12,9,1,5,0,0,0,7.53,1.50
Tony Santillan,CIN,24,15,4,0,0,28.2,28,12,37,16,6,1,2,0,0,0,3.77,1.53
Kohei Arihara,TEX,29,7,7,0,0,28.2,32,21,17,12,7,2,3,0,0,0,6.59,1.53
Ryne Harper,WAS,32,25,0,0,0,28.2,15,7,23,10,2,0,1,0,1,3,2.20,0.87
Spencer Howard,PHI,25,11,7,0,0,28.1,25,18,31,17,2,0,2,0,0,0,5.72,1.48
Kevin Ginkel,ARI,27,32,0,0,0,28.1,30,20,31,14,7,0,1,0,1,6,6.35,1.55
J.A. Happ,STL,38,5,5,0,0,28.1,20,7,23,9,4,3,0,0,0,0,2.22,1.02
Jake Faria,ARI,28,19,3,0,0,28.1,33,16,28,11,3,0,0,0,0,0,5.08,1.55
Spencer Patton,TEX,33,29,0,0,0,28.1,24,13,34,14,3,1,1,1,3,7,4.13,1.34
Jesus Luzardo,MIA,23,6,6,0,0,28.1,32,24,28,18,5,3,3,0,0,0,7.62,1.76
Travis Lakins,BAL,27,24,1,0,0,28.0,23,18,24,17,4,1,4,0,1,3,5.79,1.43
Erik Swanson,SEA,27,25,2,0,0,28.0,21,8,26,8,4,0,2,1,2,4,2.57,1.04
Andrew Heaney,NYY,30,6,5,0,0,28.0,23,20,29,9,10,2,1,0,0,0,6.43,1.14
Tyler Chatwood,TOR,31,30,0,0,0,28.0,20,17,32,20,1,1,2,1,1,10,5.46,1.43
Dillon Maples,CHC,29,24,0,0,0,27.2,12,7,36,19,2,1,0,0,0,0,2.28,1.12
Tyler Gilbert,ARI,27,7,4,1,1,27.2,22,9,20,10,2,1,2,0,0,1,2.93,1.16
Evan Marshall,CWS,31,27,0,0,0,27.1,28,17,26,9,5,0,2,0,4,6,5.60,1.35
Matt Wisler,TB,28,24,0,0,0,27.1,20,6,34,4,2,2,3,1,2,7,1.98,0.88
Charlie Barnes,MIN,25,6,5,0,0,27.1,32,20,13,11,4,0,3,0,0,0,6.59,1.57
Joely Rodriguez,TEX,29,31,0,0,0,27.1,32,18,30,12,3,1,3,1,1,9,5.93,1.61
Robert Gsellman,NYM,28,15,1,0,0,26.2,25,11,15,7,3,0,1,0,0,1,3.71,1.20
David Hale,PHI,33,17,1,0,0,26.2,30,19,21,9,5,0,2,0,1,0,6.41,1.46
Erasmo Ramirez,DET,31,17,0,0,0,26.2,24,17,20,5,4,1,1,0,0,0,5.74,1.09
Brett de Geus,TEX,23,19,0,0,0,26.2,31,25,26,13,3,0,0,0,0,0,8.44,1.65
Casey Sadler,SEA,31,27,0,0,0,26.1,15,3,22,9,1,0,1,0,0,8,1.03,0.91
Hector Santiago,SEA,33,13,1,0,0,26.1,27,10,30,11,2,1,1,0,0,0,3.42,1.44
Tanner Rainey,WAS,28,32,0,0,0,26.0,26,22,31,21,6,1,2,1,3,8,7.62,1.81
Justin Steele,CHC,26,14,3,0,0,26.0,22,12,32,13,6,2,2,0,0,1,4.15,1.35
Dennis Santana,TEX,25,24,0,0,0,26.0,22,15,25,14,4,2,3,0,1,0,5.19,1.38
Carson Fulmer,CIN,27,20,0,0,0,25.2,26,19,24,13,3,0,0,0,0,1,6.66,1.52
Hunter Strickland,MIL,32,24,0,0,0,25.2,12,4,27,9,3,3,1,0,0,0,1.40,0.82
Drew Pomeranz,SD,32,27,0,0,0,25.2,19,5,30,10,2,1,0,0,0,13,1.75,1.13
Louis Head,TB,31,20,1,0,0,25.2,18,9,25,9,2,1,0,0,0,0,3.16,1.05
Luis Oviedo,PIT,22,19,1,0,0,25.2,29,28,28,24,4,1,2,0,0,0,9.82,2.06
Robert Dugger,SEA,26,12,4,0,0,25.2,34,21,19,12,4,0,2,0,0,0,7.36,1.79
Ryan Burr,CWS,27,22,1,0,0,25.1,16,8,20,14,3,2,1,0,1,2,2.84,1.18
Chris Mazza,TB,31,13,0,0,0,25.1,25,14,18,7,3,0,0,1,0,0,4.97,1.26
Juan Minaya,MIN,30,17,0,0,0,25.1,15,9,26,14,3,2,0,0,0,2,3.20,1.14
Sean Newcomb,ATL,28,26,0,0,0,25.1,24,16,33,21,1,2,0,1,1,1,5.68,1.78
J.B. Wendelken,OAK,28,26,0,0,0,25.0,29,12,26,13,2,2,1,0,1,2,4.32,1.68
Kyle Crick,PIT,28,27,0,0,0,24.1,14,12,21,19,0,1,1,0,1,6,4.44,1.36
Yacksel Rios,BOS,28,20,0,0,0,24.1,13,10,21,14,3,3,0,0,0,1,3.70,1.11
Enyel De Los Santos,PHI,25,22,0,0,0,24.1,29,14,36,9,7,1,1,0,2,1,5.18,1.56
Jefry Rodriguez,WAS,28,14,1,0,0,24.1,25,16,20,17,6,0,0,0,0,0,5.92,1.73
Kyle Keller,PIT,28,23,0,0,0,24.0,20,19,25,18,7,0,1,0,0,2,7.13,1.58
Demarcus Evans,TEX,24,22,0,0,0,23.2,20,12,30,15,3,0,2,0,2,2,4.56,1.48
J.P. Feyereisen,TB,28,22,0,0,0,23.2,16,6,20,15,2,4,1,3,1,4,2.28,1.31
Danny Coulombe,MIN,31,21,1,0,0,23.2,21,8,24,5,5,3,1,0,1,2,3.04,1.10
Stefan Crichton,ARI,29,31,0,0,0,23.1,33,19,17,12,3,0,4,4,0,5,7.33,1.93
Carlos Carrasco,NYM,34,6,6,0,0,23.1,26,18,23,4,6,0,2,0,0,0,6.94,1.29
Jesse Chavez,ATL,38,21,1,0,0,23.0,18,7,29,7,0,3,2,0,0,1,2.74,1.09
Brusdar Graterol,LAD,23,22,1,0,0,23.0,21,10,20,9,1,3,0,0,1,3,3.91,1.30
Andres Machado,WAS,28,23,0,0,0,23.0,15,6,20,6,1,1,0,0,1,5,2.35,0.91
Dustin May,LAD,23,5,5,0,0,23.0,16,7,35,6,4,1,1,0,0,0,2.74,0.96
Bailey Falter,PHI,24,13,0,0,0,22.2,24,14,28,2,4,1,0,0,0,3,5.56,1.15
Cody Ponce,PIT,27,8,2,0,0,22.2,37,21,23,8,2,0,3,0,0,0,8.34,1.99
Adam Cimber,TOR,31,24,0,0,0,22.2,19,5,18,3,1,1,2,1,0,2,1.99,0.97
T.J. McFarland,STL,32,21,0,0,0,22.1,16,4,15,5,2,3,0,0,0,5,1.61,0.94
Elieser Hernandez,MIA,26,5,5,0,0,22.1,20,9,23,4,6,1,1,0,0,0,3.63,1.07
Jake Cousins,MIL,27,21,0,0,0,22.0,10,2,33,10,1,1,0,0,0,5,0.82,0.91
Alex Lange,DET,25,23,0,0,0,22.0,26,13,25,13,5,0,1,0,1,2,5.32,1.77
Cionel Perez,CIN,25,23,0,0,0,22.0,21,17,22,20,5,1,2,0,0,0,6.95,1.86
Yennsy Diaz,NYM,24,17,0,0,0,21.2,19,10,20,10,4,0,2,0,0,0,4.15,1.34
Steven Brault,PIT,29,5,5,0,0,21.2,24,11,14,6,2,0,3,0,0,0,4.57,1.38
Joe Smith,HOU,37,27,0,0,0,21.2,35,18,17,4,4,1,1,0,0,1,7.48,1.80
Stephen Strasburg,WAS,33,5,5,0,0,21.2,16,11,21,14,4,1,2,0,0,0,4.57,1.38
Tommy Nance,CHC,30,19,0,0,0,21.1,13,12,23,10,3,1,0,0,0,4,5.06,1.08
Tom Eshelman,BAL,27,6,5,0,0,21.1,29,19,7,10,5,0,2,0,0,0,8.02,1.83
Steven Okert,MIA,30,20,0,0,0,21.0,12,5,25,8,3,0,1,0,0,1,2.14,0.95
Miguel Sanchez,MIL,27,23,0,0,0,21.0,21,10,19,12,3,1,0,0,0,0,4.29,1.57
Humberto Castellanos,ARI,23,9,2,0,0,21.0,15,5,13,9,1,1,1,0,1,1,2.14,1.14
Jacob Webb,ATL,28,20,0,0,0,21.0,26,10,21,7,3,1,2,0,0,0,4.29,1.57
Richard Lovelady,KC,26,20,0,0,0,20.2,16,8,23,6,3,2,0,1,0,4,3.48,1.06
Justin Garza,CLE,27,13,0,0,0,20.2,16,10,20,11,4,2,1,0,1,0,4.35,1.31
Sean Reid-Foley,NYM,26,12,0,0,0,20.2,22,12,26,9,3,2,1,0,0,0,5.23,1.50
Sal Romano,CIN,27,14,0,0,0,20.2,20,12,12,9,4,0,0,0,0,0,5.23,1.40
Luis Garcia,STL,34,19,0,0,0,20.1,14,6,23,4,0,1,0,0,0,4,2.66,0.89
Nick Ramirez,SD,32,13,0,0,0,20.1,23,13,14,7,2,1,1,0,0,0,5.75,1.48
Junior Fernandez,STL,24,17,0,0,0,20.1,24,11,14,14,1,1,0,0,0,0,4.87,1.87
Anthony Castro,TOR,26,22,0,0,0,20.1,20,12,28,7,3,1,2,1,1,1,5.31,1.33
Edwin Uceta,LAD,23,14,1,0,0,20.1,19,15,25,12,3,0,3,0,0,0,6.64,1.52
Tucker Davidson,ATL,25,4,4,0,0,20.0,15,8,18,8,3,0,0,0,0,0,3.60,1.15
Tayler Saucedo,TOR,28,24,0,0,0,20.0,15,10,17,7,1,0,0,0,2,0,4.50,1.10
Reiss Knehr,SD,24,9,3,0,0,20.0,14,11,14,15,1,1,0,0,0,0,4.95,1.45
Shawn Armstrong,BAL,30,20,0,0,0,20.0,28,19,22,10,5,0,0,0,1,1,8.55,1.90
Max Kranick,PIT,24,5,5,0,0,20.0,26,16,18,8,2,1,2,0,0,0,7.20,1.70
Bryse Wilson,PIT,23,4,4,0,0,20.0,17,8,15,5,2,0,2,0,0,0,3.60,1.10
Brandon Workman,BOS,33,19,0,0,0,20.0,24,11,14,14,2,1,0,0,0,2,4.95,1.90
Jerad Eickhoff,NYM,31,5,4,0,0,19.2,30,19,13,10,9,0,2,0,0,0,8.69,2.03
Andre Scrubb,HOU,26,18,0,0,0,19.2,15,11,21,14,5,1,1,0,2,2,5.03,1.47
Trevor Richards,MIL,28,15,0,0,0,19.2,15,7,25,9,3,3,0,0,2,0,3.20,1.22
Trevor Richards,TOR,28,18,0,0,0,19.1,10,8,24,6,5,2,2,0,3,1,3.72,0.83
Paul Campbell,MIA,26,12,1,0,0,19.1,27,17,21,8,4,1,2,0,0,0,7.91,1.81
J.P. Feyereisen,MIL,28,21,0,0,0,19.1,10,7,20,11,2,0,2,0,2,9,3.26,1.09
Jordan Sheffield,COL,26,19,0,0,0,19.1,11,7,16,8,2,0,0,0,0,0,3.26,0.98
Ryan Borucki,TOR,27,20,0,0,0,19.1,13,11,20,9,4,3,1,0,1,3,5.12,1.14
Matt Wisler,SF,28,21,0,0,0,19.1,19,13,26,6,4,1,2,0,1,3,6.05,1.29
Hoby Milner,MIL,30,16,0,0,0,19.0,25,9,26,3,4,0,0,0,0,1,4.26,1.47
Tyler Zuber,KC,26,22,0,0,0,19.0,16,14,19,15,4,0,3,0,0,4,6.63,1.63
Reid Detmers,LAA,22,4,4,0,0,19.0,23,15,17,9,5,1,3,0,0,0,7.11,1.68
Eric Yardley,MIL,31,17,0,0,0,18.2,24,14,5,10,3,0,0,0,1,1,6.75,1.82
Alexander Wells,BAL,24,6,3,0,0,18.2,27,16,15,9,3,1,2,0,0,0,7.71,1.93
Noe Ramirez,ARI,31,21,0,0,0,18.2,11,7,18,9,1,0,1,1,2,7,3.38,1.07
Adam Morgan,CHC,31,25,0,0,0,18.2,16,8,23,8,4,0,0,1,1,2,3.86,1.29
Jacob Barnes,NYM,31,19,0,0,0,18.2,19,13,18,5,6,1,1,2,0,1,6.27,1.29
Jose De Leon,CIN,29,9,2,0,0,18.1,22,17,33,11,4,0,1,0,0,0,8.35,1.80
Zack Britton,NYY,33,22,0,0,0,18.1,17,12,16,14,2,0,1,1,3,11,5.89,1.69
Caleb Baragar,SF,27,22,0,0,0,18.1,14,1,14,11,0,2,1,1,1,7,0.49,1.36
Brett de Geus,ARI,23,23,0,0,0,18.0,23,12,13,10,2,3,2,0,2,3,6.00,1.83
Justin Wilson,NYY,34,21,0,0,0,18.0,18,15,15,9,5,1,1,0,1,2,7.50,1.50
Garrett Cleavinger,LAD,27,22,1,0,0,18.0,20,6,21,12,4,2,4,0,1,0,3.00,1.78
David Hess,MIA,28,14,1,0,0,18.0,24,16,16,10,7,2,2,0,2,2,8.00,1.89
Kent Emanuel,HOU,29,10,0,0,0,17.2,12,5,13,4,4,1,0,0,0,1,2.55,0.91
Yohan Ramirez,SEA,26,13,0,0,0,17.2,8,8,23,7,4,0,2,1,0,0,4.08,0.85
Wes Benjamin,TEX,28,10,1,0,0,17.2,20,13,15,13,2,0,2,0,1,0,6.62,1.87
Joe Barlow,TEX,25,18,0,0,0,17.2,6,2,20,7,1,0,1,3,0,3,1.02,0.74
Daniel Castano,MIA,26,4,4,0,0,17.1,20,10,10,7,3,0,2,0,0,0,5.19,1.56
J.B. Bukauskas,ARI,24,21,0,0,0,17.1,24,15,14,7,4,2,2,0,1,1,7.79,1.79
Angel Perdomo,MIL,27,19,0,0,0,17.0,12,12,28,16,4,1,0,0,0,0,6.35,1.65
Drew Rasmussen,MIL,26,15,0,0,0,17.0,13,8,25,12,2,0,1,1,0,0,4.24,1.47
Shane Greene,ATL,32,19,0,0,0,17.0,22,16,17,9,5,0,1,0,1,2,8.47,1.82
Brad Wieck,CHC,29,15,0,0,0,17.0,10,0,28,10,0,0,0,0,0,1,0.00,1.18
Michael Rucker,CHC,27,10,0,0,0,16.2,21,18,21,8,2,0,0,0,0,0,9.72,1.74
Jay Jackson,SF,33,18,0,0,0,16.2,11,6,25,6,2,2,0,0,2,4,3.24,1.02
Josh Lindblom,MIL,34,8,0,0,0,16.2,23,18,17,10,5,0,0,0,0,0,9.72,1.98
Ryan Buchter,ARI,34,18,0,0,0,16.1,16,12,16,13,5,0,2,0,1,0,6.61,1.78
Tyler Webb,STL,31,22,0,0,0,16.1,22,24,14,19,1,0,0,0,0,2,13.22,2.51
JD Hammer,PHI,27,14,0,0,0,16.1,13,3,17,6,1,1,1,0,0,0,1.65,1.16
Justin Lawrence,COL,26,18,0,0,0,16.1,19,13,17,17,0,1,0,0,1,2,7.16,2.20
John Brebbia,SF,31,15,0,0,0,16.0,21,11,18,2,3,0,1,0,0,1,6.19,1.44
Austin Warren,LAA,25,11,0,0,0,16.0,12,3,17,4,0,1,0,1,0,2,1.69,1.00
Corbin Martin,ARI,25,5,3,0,0,16.0,23,19,13,14,5,0,3,0,0,0,10.69,2.31
John Gant,MIN,29,9,2,0,0,16.0,14,12,20,6,2,0,2,0,0,1,6.75,1.25
Hunter Strickland,TB,32,13,0,0,0,16.0,14,3,16,6,1,0,0,0,0,1,1.69,1.25
Paul Blackburn,OAK,27,3,3,0,0,16.0,15,5,9,4,1,0,1,0,0,0,2.81,1.19
Andrew Chafin,OAK,31,15,0,0,0,15.2,10,2,15,2,2,1,0,2,1,3,1.15,0.77
Marcos Diplan,BAL,24,11,0,0,0,15.2,9,7,14,6,2,0,0,0,0,0,4.02,0.96
Cody Stashak,MIN,27,15,0,0,0,15.2,16,12,26,10,2,0,0,0,0,2,6.89,1.66
Luis Gil,NYY,23,3,3,0,0,15.2,9,0,18,7,0,1,0,0,0,0,0.00,1.02
Chris Sale,BOS,32,3,3,0,0,15.1,13,4,21,3,3,3,0,0,0,0,2.35,1.04
Scott Alexander,LAD,32,18,0,0,0,15.1,15,5,8,4,2,0,2,0,1,2,2.93,1.24
Domingo Tapia,KC,30,17,0,0,0,15.1,9,5,14,9,1,1,0,0,0,3,2.93,1.17
Lewis Thorpe,MIN,25,5,4,0,0,15.1,14,8,6,7,2,0,2,0,0,0,4.70,1.37
Luke Farrell,MIN,30,13,0,0,0,15.1,12,3,17,6,1,1,0,0,0,1,1.76,1.17
Corey Knebel,LAD,29,18,2,0,0,15.1,11,6,17,6,2,3,0,3,2,5,3.52,1.11
Derek Law,MIN,30,9,0,0,0,15.0,16,7,14,8,2,0,0,0,0,0,4.20,1.60
T.J. Zeuch,TOR,26,5,3,0,0,15.0,21,11,8,9,6,0,2,0,0,0,6.60,2.00
Dennis Santana,LAD,25,16,0,0,0,15.0,18,10,8,11,0,0,0,0,0,1,6.00,1.93
Dillon Peters,PIT,29,3,3,0,0,14.2,14,5,10,4,1,0,2,0,0,0,3.07,1.23
Michael Lorenzen,CIN,29,14,0,0,0,14.2,10,4,12,8,0,0,1,3,0,6,2.45,1.23
Seth Frankoff,ARI,33,4,3,0,0,14.2,20,15,11,9,4,0,2,0,0,0,9.20,1.98
Ljay Newsome,SEA,24,7,1,0,0,14.2,20,13,16,3,5,1,1,0,0,0,7.98,1.57
Josh Osich,CIN,32,17,0,0,0,14.1,15,8,9,5,4,2,0,1,2,3,5.02,1.40
Reymin Guduan,OAK,29,11,0,0,0,14.1,19,10,5,5,1,0,0,0,1,0,6.28,1.67
Art Warren,CIN,28,18,0,0,0,14.1,9,3,21,6,1,2,0,0,0,1,1.88,1.05
Nick Nelson,NYY,25,11,2,0,0,14.1,15,14,22,16,0,0,2,0,1,0,8.79,2.16
Richard Rodriguez,ATL,31,14,0,0,0,14.0,9,2,5,3,1,0,0,0,0,5,1.29,0.86
Jharel Cotton,TEX,29,11,0,0,0,14.0,17,9,15,9,2,0,0,0,0,2,5.79,1.86
Tommy Milone,TOR,34,6,1,0,0,14.0,20,10,17,3,3,1,0,1,0,0,6.43,1.64
Conner Menez,SF,26,8,1,0,0,14.0,16,6,15,3,2,1,0,0,0,2,3.86,1.36
Codi Heuer,CHC,25,12,0,0,0,14.0,7,2,7,4,1,1,1,1,1,2,1.29,0.79
Tyler Clippard,ARI,36,14,0,0,0,14.0,12,5,13,3,2,1,0,5,2,2,3.21,1.07
Jose Quijada,LAA,25,14,0,0,0,13.2,11,9,20,10,1,0,0,0,0,2,5.93,1.54
Aaron Ashby,MIL,23,5,4,0,0,13.2,14,6,13,5,1,1,0,0,0,0,3.95,1.39
Kohl Stewart,CHC,26,4,3,0,0,13.2,17,8,11,6,2,1,1,0,0,0,5.27,1.68
Austin Brice,BOS,29,13,0,0,0,13.2,14,10,12,7,2,0,0,0,0,0,6.59,1.54
Trevor Megill,CHC,27,18,0,0,0,13.2,22,16,19,6,6,0,0,0,0,0,10.54,2.05
Kyle Ryan,CHC,29,13,0,0,0,13.1,17,10,8,6,3,0,0,1,0,0,6.75,1.73
Miles Mikolas,STL,33,3,3,0,0,13.1,13,4,11,4,1,0,1,0,0,0,2.70,1.28
Phil Maton,HOU,28,13,0,0,0,13.1,15,8,14,6,1,2,0,0,0,0,5.40,1.58
Nick Mears,PIT,24,16,0,0,0,13.1,14,8,12,6,4,0,0,0,1,1,5.40,1.50
Ryan Sherriff,TB,31,15,0,0,0,13.0,13,9,14,8,0,0,1,1,1,1,6.23,1.62
Grant Dayton,ATL,33,13,0,0,0,13.0,15,9,14,6,2,0,0,0,0,1,6.23,1.62
Jon Duplantier,ARI,27,4,4,0,0,13.0,19,19,12,8,5,0,3,0,0,0,13.15,2.08
JT Chargois,TB,30,12,0,0,0,12.2,7,1,11,5,1,4,0,0,1,2,0.71,0.95
Wyatt Mills,SEA,26,11,0,0,0,12.2,19,14,11,7,1,0,0,0,0,0,9.95,2.05
Camilo Doval,SF,24,14,0,0,0,12.2,12,9,17,6,4,1,1,0,3,5,6.39,1.42
Andrew Wantz,LAA,25,10,0,0,0,12.2,8,5,23,5,3,1,0,0,1,0,3.55,1.03
Austin Davis,BOS,28,12,0,0,0,12.1,14,7,14,4,1,0,1,0,1,0,5.11,1.46
Cory Abbott,CHC,25,6,0,0,0,12.1,16,11,8,9,5,0,0,0,0,0,8.03,2.03
Hansel Robles,BOS,31,13,0,0,0,12.1,16,10,18,9,2,0,1,1,0,1,7.30,2.03
Ian Krol,DET,30,12,0,0,0,12.1,18,7,10,5,1,0,0,0,0,0,5.11,1.86
Sean Nolin,WAS,31,3,3,0,0,12.1,20,9,13,3,4,0,2,0,0,0,6.57,1.86
Yoan Lopez,ARI,28,13,0,0,0,12.1,18,9,13,6,3,0,0,0,3,2,6.57,1.95
Kendall Graveman,HOU,30,11,0,0,0,12.0,8,2,14,1,0,1,0,0,0,5,1.50,0.75
Sam Selman,LAA,30,11,0,0,0,12.0,9,6,7,4,1,0,0,0,0,0,4.50,1.08
Justin Miller,STL,34,14,0,0,0,12.0,12,8,8,4,2,0,0,1,0,1,6.00,1.33
Trevor Richards,TB,28,6,0,0,0,12.0,9,6,16,3,2,0,0,1,0,1,4.50,1.00
Nick Margevicius,SEA,25,5,3,0,0,12.0,13,11,12,7,2,0,2,0,0,0,8.25,1.67
Seth Elledge,STL,25,11,0,0,0,11.2,13,6,11,7,1,0,0,0,0,0,4.63,1.71
Manuel Rodriguez,CHC,25,13,0,0,0,11.2,8,4,13,3,3,2,2,1,0,0,3.09,0.94
Ryan Tepera,CWS,33,14,0,0,0,11.2,6,2,16,4,1,0,0,1,1,2,1.54,0.86
Mychal Givens,CIN,31,12,0,0,0,11.2,6,2,11,7,0,0,0,4,1,3,1.54,1.11
Tony Watson,SF,36,12,0,0,0,11.1,8,4,9,1,0,2,1,0,0,4,3.18,0.79
Ben Rowen,LAA,32,8,0,0,0,11.1,12,7,8,2,3,0,0,0,0,0,5.56,1.24
Luis Cessa,CIN,29,13,0,0,0,11.1,13,3,7,1,1,1,1,0,0,2,2.38,1.24
Kyle Cody,TEX,27,7,0,0,0,11.1,16,10,14,2,3,0,2,0,0,0,7.94,1.59
Clay Holmes,NYY,28,10,0,0,0,11.1,6,2,11,1,0,2,0,0,1,3,1.59,0.62
Antonio Santos,COL,24,7,0,0,0,11.1,9,6,10,5,1,0,1,0,0,0,4.76,1.24
Kodi Whitley,STL,26,13,0,0,0,11.1,8,7,8,8,1,0,0,0,0,1,5.56,1.41
Gabe Klobosits,WAS,26,11,0,0,0,11.1,13,7,5,5,0,0,1,0,0,4,5.56,1.59
Craig Kimbrel,CWS,33,12,0,0,0,11.1,12,9,17,4,4,0,1,1,1,3,7.15,1.41
Joe Smith,SEA,37,14,0,0,0,11.0,9,3,10,3,1,1,2,0,2,2,2.45,1.09
Ralph Garza,HOU,27,9,0,0,0,11.0,11,5,14,7,2,1,2,0,0,0,4.09,1.64
Humberto Mejia,ARI,24,2,2,0,0,11.0,14,6,10,3,2,0,1,0,0,0,4.91,1.55
Drew Anderson,TEX,27,4,1,0,0,11.0,14,6,3,3,0,0,1,0,0,0,4.91,1.55
A.J. Puk,OAK,26,8,0,0,0,11.0,8,4,13,5,1,0,1,0,1,0,3.27,1.18
Justin Wilson,CIN,34,12,0,0,0,10.2,4,2,9,5,1,0,0,0,0,2,1.69,0.84
Daniel Norris,MIL,28,10,0,0,0,10.2,7,7,12,10,3,0,0,0,1,1,5.91,1.59
Jesse Biddle,ATL,29,8,0,0,0,10.2,10,10,11,8,1,0,0,0,0,0,8.44,1.69
Jimmie Sherfy,SF,29,10,0,0,0,10.2,9,5,9,4,2,1,0,0,0,0,4.22,1.22
Mason Thompson,WAS,23,11,0,0,0,10.2,14,4,9,5,1,1,1,0,2,2,3.38,1.78
Keone Kela,SD,28,12,0,0,0,10.2,11,6,13,3,3,2,2,0,2,1,5.06,1.31
Darren O'Day,NYY,38,12,0,0,0,10.2,9,4,11,4,2,0,0,0,0,4,3.38,1.22
Travis Bergen,TOR,27,10,1,0,0,10.2,5,2,6,8,1,2,0,0,1,0,1.69,1.22
Corey Oswalt,NYM,27,3,1,0,0,10.1,12,4,10,2,1,1,1,0,0,1,3.48,1.35
David Phelps,TOR,34,11,1,0,0,10.1,8,1,15,4,0,0,0,0,0,4,0.87,1.16
Nate Jones,ATL,35,12,0,0,0,10.1,8,4,7,10,3,0,2,0,1,2,3.48,1.74
Edgar Garcia,MIN,24,6,0,0,0,10.1,9,12,8,7,3,0,0,0,0,1,10.45,1.55
Chris Archer,TB,32,4,3,0,0,10.1,12,5,16,3,1,0,1,0,0,0,4.35,1.45
Shawn Morimando,MIA,28,4,0,0,0,10.1,18,11,9,5,2,0,0,0,0,0,9.58,2.23
Jordan Hicks,STL,24,10,0,0,0,10.0,5,6,10,10,0,0,0,0,0,3,5.40,1.50
Anthony Banda,PIT,28,10,0,0,0,10.0,9,4,11,6,2,1,1,0,2,0,3.60,1.50
Shaun Anderson,BAL,26,7,0,0,0,10.0,17,10,7,5,3,0,0,0,0,0,9.00,2.20
Jake Jewell,CHC,28,10,0,0,0,10.0,18,11,10,5,5,0,2,0,0,0,9.90,2.30
Sean Guenther,MIA,25,6,0,0,0,10.0,15,8,8,5,1,0,0,0,0,0,7.20,2.00
Justin Bruihl,LAD,24,11,2,0,0,10.0,6,2,7,5,0,0,0,0,0,2,1.80,1.10
Alec Bettinger,MIL,26,4,1,0,0,10.0,18,15,5,3,3,0,1,0,0,0,13.50,2.10
Ian Kennedy,PHI,36,11,0,0,0,10.0,9,7,13,5,4,0,0,5,1,0,6.30,1.40
Kyle Nelson,CLE,25,10,0,0,0,9.2,10,10,8,8,0,0,0,0,0,0,9.31,1.86
Austin Davis,PIT,28,10,0,0,0,9.2,6,6,11,5,2,0,1,0,1,2,5.59,1.14
Cody Reed,TB,28,12,0,0,0,9.2,8,4,7,6,1,0,1,0,0,3,3.72,1.45
Patrick Murphy,TOR,26,8,0,0,0,9.1,12,5,6,4,1,0,1,0,0,1,4.82,1.71
Andrew Albers,MIN,35,2,1,0,0,9.1,5,1,6,2,1,1,0,0,0,0,0.96,0.75
Mike Fiers,OAK,36,2,2,0,0,9.1,15,8,5,4,4,0,2,0,0,0,7.71,2.04
Beau Burrows,MIN,24,5,1,0,0,9.1,14,13,5,8,5,0,1,0,0,0,12.54,2.36
Diego Castillo,SEA,27,10,0,0,0,9.1,3,4,8,5,2,0,1,1,3,1,3.86,0.86
Jeremy Beasley,TOR,25,8,0,0,0,9.1,7,8,13,9,3,0,1,0,0,0,7.71,1.71
Ralph Garza,MIN,27,7,0,0,0,9.1,6,2,8,1,2,0,0,0,0,1,1.93,0.75
Daniel Camarena,SD,28,6,0,0,0,9.1,16,10,7,3,2,0,1,0,0,0,9.64,2.04
Miguel Yajure,PIT,23,2,2,0,0,9.1,5,4,8,3,2,0,1,0,0,0,3.86,0.86
Darren McCaughan,SEA,25,2,1,0,0,9.0,8,8,2,4,3,0,0,0,0,0,8.00,1.33
Ashton Goudeau,CIN,29,5,0,0,0,9.0,8,4,5,9,1,0,0,0,0,0,4.00,1.89
Jacob Barnes,TOR,31,9,0,0,0,9.0,9,6,13,6,1,0,1,0,0,0,6.00,1.67
Adam Kolarek,OAK,32,12,0,0,0,9.0,15,8,4,5,2,0,0,0,0,0,8.00,2.22
JoJo Romero,PHI,24,11,0,0,0,9.0,12,7,8,4,4,0,0,0,0,3,7.00,1.78
Zack Burdi,CWS,26,6,0,0,0,9.0,13,6,6,4,3,0,0,0,0,0,6.00,1.89
Cam Bedrosian,OAK,29,9,0,0,0,9.0,9,2,8,4,2,0,0,0,0,0,2.00,1.44
Adam Conley,TB,31,7,0,0,0,9.0,6,3,8,3,1,0,0,0,0,0,3.00,1.00
Trevor Williams,NYM,29,3,1,0,0,8.2,4,1,5,4,0,0,0,0,0,0,1.04,0.92
Hunter Harvey,BAL,26,9,0,0,0,8.2,8,4,6,3,1,0,0,0,0,2,4.15,1.27
Yimi Garcia,HOU,31,10,0,0,0,8.2,8,4,13,2,1,0,1,0,0,1,4.15,1.15
Joely Rodriguez,NYY,29,11,0,0,0,8.2,10,3,6,3,0,1,0,0,0,2,3.12,1.50
Nate Jones,LAD,35,8,0,0,0,8.2,8,8,7,2,4,0,0,0,0,3,8.31,1.15
Brad Hand,TOR,31,11,0,0,0,8.2,13,7,5,3,3,0,2,0,1,0,7.27,1.85
Shaun Anderson,MIN,26,4,0,0,0,8.2,13,9,8,5,1,0,0,0,0,0,9.35,2.08
Shawn Armstrong,TB,30,5,0,0,0,8.2,4,4,12,2,3,1,0,0,0,1,4.15,0.69
Conner Greene,BAL,26,6,0,0,0,8.2,10,8,8,2,1,0,0,0,1,0,8.31,1.38
Konner Wade,BAL,29,5,0,0,0,8.2,14,11,6,4,1,0,0,0,0,0,11.42,2.08
Enoli Paredes,HOU,25,12,0,0,0,8.2,7,6,15,17,0,0,0,0,0,2,6.23,2.77
Andre Jackson,LAD,25,2,0,0,0,8.2,6,1,7,6,1,0,1,0,0,0,1.04,1.38
Deivi Garcia,NYY,22,2,2,0,0,8.1,8,6,7,4,1,0,2,0,0,0,6.48,1.44
Wandy Peralta,SF,30,10,0,0,0,8.1,11,5,8,3,1,2,1,2,1,0,5.40,1.68
Zac Lowther,BAL,25,5,1,0,0,8.1,13,10,11,4,2,0,1,0,0,0,10.80,2.04
James Hoyt,LAA,34,9,0,0,0,8.0,11,5,11,7,0,0,0,0,0,0,5.63,2.25
Adrian Sampson,CHC,29,4,1,0,0,8.0,10,2,7,2,2,0,1,0,0,0,2.25,1.50
Brandon Workman,CHC,33,10,0,0,0,8.0,12,6,11,7,2,0,2,0,0,2,6.75,2.38
A.J. Cole,TOR,29,6,0,0,0,8.0,6,1,7,1,1,0,0,1,1,1,1.13,0.88
Aaron Northcraft,SD,31,5,0,0,0,8.0,5,2,5,8,1,1,0,0,0,0,2.25,1.63
Sam Selman,SF,30,7,0,0,0,8.0,4,4,8,4,2,0,0,0,1,0,4.50,1.00
Josiah Gray,LAD,23,2,1,0,0,8.0,7,6,13,5,4,0,0,0,0,0,6.75,1.50
Jimmy Lambert,CWS,26,3,2,0,0,8.0,13,8,8,4,3,0,1,0,0,0,9.00,2.13
Tommy Hunter,NYM,35,4,1,0,0,8.0,4,0,6,3,0,0,0,0,0,0,0.00,0.88
Fernando Abad,BAL,35,5,0,0,0,8.0,9,7,6,5,1,0,0,0,0,0,7.88,1.75
Anthony Swarzak,KC,35,7,0,0,0,7.2,13,8,5,0,3,0,0,0,0,0,9.39,1.70
Kirby Snead,TOR,26,7,0,0,0,7.2,7,2,7,2,0,0,1,0,0,0,2.35,1.17
Darien Nunez,LAD,28,6,1,0,0,7.2,8,7,8,4,3,0,1,0,1,0,8.22,1.57
Mac Sceroler,BAL,26,5,0,0,0,7.2,15,12,11,7,6,0,0,0,0,0,14.09,2.87
Cristopher Sanchez,PHI,24,5,1,0,0,7.2,13,7,9,5,1,1,0,0,0,0,8.22,2.35
Jason Adam,CHC,30,9,0,0,0,7.2,9,7,13,6,1,0,0,0,0,2,8.22,1.96
Michael Feliz,PIT,28,7,0,0,0,7.2,8,2,8,1,0,0,0,0,0,0,2.35,1.17
Chris Ellis,BAL,28,2,2,0,0,7.2,7,4,5,1,2,0,0,0,0,0,4.70,1.04
Dietrich Enns,TB,30,3,0,0,0,7.2,6,4,8,3,0,0,0,0,0,0,4.70,1.17
Anthony Banda,NYM,28,5,0,0,0,7.1,14,6,7,1,2,1,0,0,1,0,7.36,2.05
Chris Devenski,ARI,30,8,0,0,0,7.1,11,7,5,2,2,1,0,1,2,1,8.59,1.77
Mike Wright,CWS,31,4,0,0,0,7.1,6,5,4,3,1,0,0,0,0,0,6.14,1.23
Nivaldo Rodriguez,HOU,24,4,0,0,0,7.1,4,2,3,4,2,0,0,0,0,0,2.45,1.09
Sean Poppen,ARI,27,7,0,0,0,7.1,7,3,7,4,1,0,0,1,0,0,3.68,1.50
Dusten Knight,BAL,30,5,0,0,0,7.1,8,6,9,4,1,0,0,0,0,0,7.36,1.64
Ryan Meisinger,CHC,27,7,0,0,0,7.1,11,10,6,5,2,0,0,0,0,0,12.27,2.18
Spencer Howard,TEX,25,3,3,0,0,7.1,10,8,9,3,2,0,1,0,0,0,9.82,1.77
Randy Messenger,CHC,40,7,0,0,0,7.1,11,10,6,5,2,0,0,0,0,0,12.27,2.18
Scott Kazmir,SF,37,3,2,0,0,7.0,8,5,7,1,3,0,1,0,0,0,6.43,1.29
Ashton Goudeau,COL,29,3,0,0,0,7.0,3,4,5,2,1,0,0,0,0,0,5.14,0.71
Ty Tice,TOR,25,4,0,0,0,7.0,9,4,6,4,1,0,0,0,0,0,5.14,1.86
Tanner Roark,TOR,34,3,1,0,0,7.0,7,5,5,2,3,0,1,0,0,0,6.43,1.29
Jandel Gustave,MIL,28,6,0,0,0,7.0,3,0,4,2,0,1,0,0,1,0,0.00,0.71
Matt Strahm,SD,29,6,1,0,0,6.2,15,6,4,1,0,0,1,0,1,0,8.10,2.40
Mauricio Llovera,PHI,25,6,0,0,0,6.2,10,7,7,4,5,1,0,0,0,0,9.45,2.10
Rowan Wick,CHC,28,7,0,0,0,6.2,5,3,7,4,0,0,0,0,0,1,4.05,1.35
Michael Feliz,CIN,28,9,0,0,0,6.2,13,12,9,4,2,0,0,1,0,0,16.20,2.55
Brooks Kriske,NYY,27,7,0,0,0,6.2,9,8,6,3,3,1,1,0,1,0,10.80,1.80
Connor Overton,TOR,28,4,0,0,0,6.2,4,0,4,2,0,0,0,0,0,0,0.00,0.90
Wade LeBlanc,BAL,37,6,1,0,0,6.2,11,7,6,1,1,0,1,0,0,0,9.45,1.80
Daniel Hudson,SD,34,10,0,0,0,6.2,8,6,9,4,1,0,1,0,0,1,8.10,1.80
Jordan Yamamoto,NYM,25,2,1,0,0,6.2,10,3,3,2,0,1,1,0,0,0,4.05,1.80
Jason Foley,DET,25,6,0,0,0,6.1,6,2,2,2,1,0,0,0,0,0,2.84,1.26
J.B. Wendelken,ARI,28,7,0,0,0,6.1,5,4,4,5,1,0,1,0,0,3,5.68,1.58
Hunter Strickland,LAA,32,9,0,0,0,6.1,11,7,4,4,3,0,0,0,0,0,9.95,2.37
Edward Cabrera,MIA,23,1,1,0,0,6.1,4,3,2,3,2,0,0,0,0,0,4.26,1.11
Kyle Wright,ATL,25,2,2,0,0,6.1,7,7,6,5,2,0,1,0,0,0,9.95,1.89
Ronald Bolanos,KC,25,3,0,0,0,6.1,4,1,10,2,0,0,0,0,0,0,1.42,0.95
Alex Young,CLE,27,5,0,0,0,6.0,7,5,3,2,0,0,0,0,0,1,7.50,1.50
Drew Hutchison,DET,31,2,2,0,0,6.0,9,2,2,4,1,0,1,0,0,0,3.00,2.17
Javy Guerra,WAS,35,6,0,0,0,6.0,12,11,4,3,3,0,1,0,0,0,16.50,2.50
Nick Tropeano,SF,31,4,0,0,0,6.0,4,1,2,2,0,1,0,0,0,0,1.50,1.00
Will Harris,WAS,37,8,0,0,0,6.0,7,6,9,3,1,0,1,0,0,0,9.00,1.67
Rafael Montero,HOU,30,4,0,0,0,6.0,3,0,5,2,0,0,1,0,0,0,0.00,0.83
Luis Madero,MIA,24,4,0,0,0,6.0,7,7,3,3,2,0,0,0,0,0,10.50,1.67
Joel Payamps,KC,27,5,0,0,0,5.2,6,2,4,1,1,1,1,0,0,1,3.18,1.24
Jordan Zimmermann,MIL,35,2,0,0,0,5.2,8,5,0,2,1,0,0,0,0,0,7.94,1.76
Cam Bedrosian,CIN,29,6,0,0,0,5.2,10,7,7,6,2,0,0,0,0,0,11.12,2.82
Ryan Weber,BOS,31,1,0,0,0,5.2,13,11,7,2,4,0,0,0,0,0,17.47,2.65
Jake Reed,LAD,28,6,1,0,0,5.1,5,2,5,2,1,0,0,0,1,0,3.38,1.31
Taylor Williams,SD,30,5,0,0,0,5.1,3,1,6,3,0,0,0,0,0,1,1.69,1.13
Carl Edwards,TOR,29,6,0,0,0,5.1,8,4,5,2,2,0,0,0,1,0,6.75,1.88
Packy Naughton,LAA,25,2,0,0,0,5.1,5,1,2,3,0,0,0,0,0,0,1.69,1.50
Miguel Aguilar,ARI,29,6,0,0,0,5.0,5,5,3,2,0,1,1,0,0,1,9.00,1.40
Jackson Kowar,KC,24,3,2,0,0,5.0,11,10,2,5,1,0,2,0,0,0,18.00,3.20
Stephen Ridings,NYY,26,5,0,0,0,5.0,4,1,7,2,0,0,0,0,0,1,1.80,1.20
Glenn Otto,TEX,25,1,1,0,0,5.0,2,0,7,0,0,0,0,0,0,0,0.00,0.40
Luis Avilan,WAS,32,4,0,0,0,5.0,7,7,4,3,1,0,1,0,0,0,12.60,2.00
Julio Teheran,DET,30,1,1,0,0,5.0,4,1,3,3,1,1,0,0,0,0,1.80,1.40
Robert Stock,NYM,31,2,2,0,0,5.0,6,3,6,3,2,0,1,0,0,0,5.40,1.80
Daulton Jefferies,OAK,26,1,1,0,0,5.0,3,3,3,3,1,1,0,0,0,0,5.40,1.20
A.J. Alexy,TEX,23,1,1,0,0,5.0,1,0,4,3,0,1,0,0,0,0,0.00,0.80
Hunter Wood,TEX,28,5,0,0,0,5.0,2,2,5,2,1,0,0,0,0,1,3.60,0.80
Austin Pruitt,MIA,32,4,0,0,0,4.2,4,1,4,0,0,0,0,0,0,0,1.93,0.86
Adrian Morejon,SD,22,2,2,0,0,4.2,5,2,3,2,2,0,0,0,0,0,3.86,1.50
Tyler Ivey,HOU,25,1,1,0,0,4.2,6,4,3,1,1,0,0,0,0,0,7.71,1.50
Geoff Hartlieb,PIT,27,4,0,0,0,4.2,3,4,4,5,0,0,0,0,0,0,7.71,1.71
Devin Smeltzer,MIN,25,1,0,0,0,4.2,1,0,3,1,0,0,0,0,0,0,0.00,0.43
Jake Latz,TEX,25,1,1,0,0,4.2,5,3,4,0,3,0,1,0,0,0,5.79,1.07
Sean Poppen,PIT,27,3,0,0,0,4.2,11,4,4,2,1,0,0,0,0,0,7.71,2.79
Anthony Swarzak,ARI,35,6,0,0,0,4.2,7,5,4,1,1,0,1,0,0,0,9.64,1.71
Daniel Zamora,SEA,28,4,0,0,0,4.1,5,3,3,1,1,2,0,0,0,0,6.23,1.38
Jake Newberry,KC,26,4,0,0,0,4.1,10,8,5,3,2,0,0,0,0,0,16.62,3.00
Geoff Hartlieb,NYM,27,3,0,0,0,4.1,7,7,5,6,0,0,0,0,0,0,14.54,3.00
Julian Merryweather,TOR,29,4,0,0,0,4.1,1,0,7,1,0,0,0,2,0,1,0.00,0.46
Brent Honeywell,TB,26,3,2,0,0,4.1,5,4,4,3,2,0,0,0,0,0,8.31,1.85
Brandon Waddell,STL,27,4,0,0,0,4.1,4,2,6,5,0,0,0,0,0,0,4.15,2.08
Jimmie Sherfy,LAD,29,4,0,0,0,4.1,3,2,3,0,1,1,1,0,0,0,4.15,0.69
John Curtiss,MIL,28,6,0,0,0,4.1,8,6,4,3,2,0,0,0,1,3,12.46,2.54
Pedro Baez,HOU,33,4,0,0,0,4.1,2,1,5,1,1,0,0,0,0,0,2.08,0.69
Edgar Garcia,CIN,24,5,0,0,0,4.1,10,8,4,1,2,0,1,0,1,0,16.62,2.54
Nick Vincent,MIN,35,2,0,0,0,4.1,4,1,4,1,1,0,0,0,0,0,2.08,1.15
Jordan Weems,OAK,28,5,0,0,0,4.1,2,3,4,3,1,0,0,0,0,0,6.23,1.15
Bryan Mitchell,MIA,30,2,0,0,0,4.0,5,2,4,2,0,0,0,0,0,0,4.50,1.75
Tyler Chatwood,SF,31,2,0,0,0,4.0,6,3,6,1,1,0,1,0,0,0,6.75,1.75
Robert Stock,CHC,31,1,1,0,0,4.0,4,5,3,6,1,0,1,0,0,0,11.25,2.50
Asher Wojciechowski,NYY,32,1,1,0,0,4.0,3,2,4,3,1,0,0,0,0,0,4.50,1.50
Reyes Moronta,SF,28,4,0,0,0,4.0,1,1,2,0,1,0,0,0,0,2,2.25,0.25
Patrick Weigel,MIL,27,3,0,0,0,4.0,4,2,9,4,1,0,0,0,0,0,4.50,2.00
Brandon Waddell,MIN,27,4,0,0,0,4.0,10,5,1,3,2,0,1,0,0,0,11.25,3.25
Chris Ellis,TB,28,1,0,0,0,4.0,3,0,7,1,0,1,0,0,0,0,0.00,1.00
Jake Reed,NYM,28,2,0,0,0,4.0,2,0,5,0,0,0,0,0,0,0,0.00,0.50
James Norwood,SD,27,4,0,0,0,4.0,6,0,3,3,0,0,0,0,0,0,0.00,2.25
Jimmy Herget,TEX,27,4,0,0,0,4.0,5,4,2,0,1,0,1,0,0,1,9.00,1.25
Aaron Fletcher,SEA,25,4,0,0,0,3.2,7,5,2,1,1,0,0,0,0,0,12.27,2.18
Oliver Perez,CLE,40,5,0,0,0,3.2,5,0,4,1,0,0,1,0,0,0,0.00,1.64
Joakim Soria,TOR,37,4,0,0,0,3.2,1,0,5,2,0,0,0,0,0,0,0.00,0.82
Thomas Szapucki,NYM,25,1,0,0,0,3.2,7,6,4,3,2,0,0,0,0,0,14.73,2.73
Thomas Hatch,TOR,26,1,1,0,0,3.2,7,3,4,1,1,0,0,0,0,0,7.36,2.18
Rony Garcia,DET,23,2,0,0,0,3.2,1,1,2,2,1,0,0,0,1,0,2.45,0.82
Shane Greene,LAD,32,5,0,0,0,3.2,1,2,4,2,0,0,0,1,0,0,4.91,0.82
Patrick Murphy,WAS,26,3,0,0,0,3.2,3,1,4,1,1,0,0,0,0,0,2.45,1.09
Noe Ramirez,LAA,31,2,0,0,0,3.1,5,2,0,1,1,0,0,0,0,0,5.40,1.80
Jesse Hahn,KC,32,5,0,0,0,3.1,5,5,3,4,2,0,0,1,2,1,13.50,2.70
Shea Spitzbarth,PIT,26,3,0,0,0,3.1,4,1,0,1,1,0,0,0,0,0,2.70,1.50
Ryan Castellani,COL,25,1,1,0,0,3.1,5,2,2,4,1,0,0,0,0,0,5.40,2.70
Kyle Barraclough,MIN,31,3,0,0,0,3.1,4,4,4,2,2,0,0,0,0,1,10.80,1.80
Zack Godley,MIL,31,2,1,0,0,3.1,4,6,5,5,2,0,1,0,1,0,16.20,2.70
Jake Arrieta,SD,35,1,1,0,0,3.1,7,5,3,1,1,0,1,0,0,0,13.50,2.40
Mickey Jannis,BAL,33,1,0,0,0,3.1,8,7,1,4,3,0,0,0,0,0,18.90,3.60
Isaac Mattson,BAL,26,3,0,0,0,3.0,3,3,3,4,0,0,0,0,0,0,9.00,2.33
Brody Koerner,NYY,27,2,0,0,0,3.0,2,1,1,2,0,0,0,0,0,0,3.00,1.33
Eduard Bazardo,BOS,25,2,0,0,0,3.0,1,0,3,2,0,0,0,0,0,0,0.00,1.00
Evan Phillips,TB,26,1,0,0,0,3.0,3,1,2,0,1,0,0,1,0,0,3.00,1.00
Ian Gibaut,MIN,27,1,0,0,0,3.0,3,0,2,1,0,0,0,0,0,0,0.00,1.33
Stephen Nogosek,NYM,26,1,0,0,0,3.0,3,2,5,0,2,0,1,0,0,0,6.00,1.00
Peter Solomon,HOU,25,3,0,0,0,3.0,3,0,2,2,0,0,0,0,0,0,0.00,1.67
Ryan Weber,SEA,31,2,0,0,0,3.0,1,2,1,2,1,0,0,0,0,0,6.00,1.00
Domingo Acevedo,OAK,27,3,0,0,0,3.0,5,3,3,0,2,0,0,0,0,0,9.00,1.67
Yacksel Rios,SEA,28,3,0,0,0,3.0,5,3,2,2,0,0,0,0,0,0,9.00,2.33
Brandon Brennan,BOS,30,1,0,0,0,3.0,3,0,1,2,0,0,0,0,0,0,0.00,1.67
Mason Thompson,SD,23,4,0,0,0,3.0,4,1,2,1,0,0,0,0,0,1,3.00,1.67
Heath Hembree,NYM,32,3,0,0,0,3.0,1,0,3,1,0,0,0,0,0,0,0.00,0.67
Matt Bush,TEX,35,3,0,0,0,3.0,4,3,4,1,3,0,0,0,0,2,9.00,1.67
Justin Miller,WAS,34,5,0,0,0,3.0,5,5,4,1,3,0,0,0,0,1,15.00,2.00
Zac Rosscup,COL,33,4,0,0,0,3.0,3,1,4,1,1,0,0,0,0,0,3.00,1.33
Sam Moll,OAK,29,3,0,0,0,2.2,1,0,2,3,0,0,0,0,0,0,0.00,1.50
Shaun Anderson,SD,26,3,0,0,0,2.2,2,0,2,2,0,0,0,0,0,0,0.00,1.50
Austin Pruitt,HOU,32,2,0,0,0,2.2,3,2,1,0,2,0,1,0,0,0,6.75,1.13
R.J. Alaniz,CIN,30,3,0,0,0,2.2,1,1,3,3,1,0,0,0,0,0,3.38,1.50
DJ Johnson,TB,32,3,0,0,0,2.2,0,0,2,0,0,0,0,0,0,0,0.00,0.00
Nick Snyder,TEX,25,3,0,0,0,2.2,3,2,1,2,0,0,0,0,0,0,6.75,1.88
Ryan Hartman,HOU,27,1,0,0,0,2.1,3,1,2,0,1,0,0,0,0,0,3.86,1.29
Evan Phillips,LAD,26,1,0,0,0,2.1,3,1,1,0,0,1,0,0,0,0,3.86,1.29
Trevor Hildenberger,NYM,30,2,0,0,0,2.1,3,4,4,3,1,0,0,0,0,0,15.43,2.57
Nate Pearson,TOR,25,1,1,0,0,2.1,4,3,0,5,0,0,1,0,0,0,11.57,3.86
Andrew Bellatti,MIA,30,2,0,0,0,2.1,6,5,2,1,0,0,0,0,0,0,19.29,3.00
Sal Romano,NYY,27,2,0,0,0,2.1,3,0,3,0,0,0,0,0,0,1,0.00,1.29
Nick Tropeano,NYM,31,1,0,0,0,2.0,4,1,0,1,1,0,0,0,0,0,4.50,2.50
Matt Andriese,SEA,32,2,0,0,0,2.0,0,0,2,0,0,0,0,0,0,0,0.00,0.00
Domingo Tapia,SEA,30,2,0,0,0,2.0,4,0,1,1,0,0,0,0,0,0,0.00,2.50
Sean Doolittle,SEA,34,2,0,0,0,2.0,3,0,2,1,0,0,0,0,0,0,0.00,2.00
Shelby Miller,CHC,30,3,0,0,0,2.0,7,7,1,5,0,0,0,0,0,0,31.50,6.00
Mike Kickham,LAD,32,1,0,0,0,2.0,5,3,2,1,1,0,0,0,0,0,13.50,3.00
David Paulino,PHI,27,1,0,0,0,2.0,3,2,0,0,1,0,0,0,0,0,9.00,1.50
Conner Greene,LAD,26,2,0,0,0,2.0,2,0,2,0,0,0,0,0,0,0,0.00,1.00
Jace Fry,CWS,28,2,0,0,0,2.0,3,3,2,3,1,0,0,0,0,0,13.50,3.00
Brady Lail,SEA,28,2,0,0,0,2.0,4,3,1,0,1,0,0,0,0,0,13.50,2.00
Yefry Ramirez,LAD,27,1,0,0,0,2.0,0,0,2,1,0,0,0,0,0,0,0.00,0.50
Alex McRae,CWS,28,2,0,0,0,2.0,3,1,1,1,0,0,0,0,0,0,4.50,2.00
Gregory Santos,SF,22,3,0,0,0,2.0,5,5,3,2,3,0,2,0,0,1,22.50,3.50
Jose Marte,LAA,25,1,0,0,0,2.0,1,0,4,0,0,0,0,0,0,0,0.00,0.50
Raynel Espinal,BOS,29,1,0,0,0,2.0,2,2,0,1,0,0,0,0,0,0,9.00,1.50
Pedro Strop,CHC,36,2,0,0,0,2.0,2,0,3,2,0,1,0,0,0,0,0.00,2.00
Angel Rondon,STL,23,2,0,0,0,2.0,1,0,1,1,0,0,0,0,0,0,0.00,1.00
Justin Topa,MIL,30,2,0,0,0,1.2,5,5,0,0,0,0,0,0,0,0,27.00,3.00
DJ Johnson,CLE,32,1,0,0,0,1.2,2,1,3,0,1,0,0,0,0,0,5.40,1.20
Jorge Guzman,MIA,25,2,0,0,0,1.2,4,6,3,6,0,0,0,0,0,0,32.40,6.00
Felix Pena,LAA,31,2,0,0,0,1.2,7,7,2,4,0,0,0,0,0,0,37.80,6.60
Keury Mella,ARI,28,2,0,0,0,1.2,8,6,2,2,2,0,0,0,0,0,32.40,6.00
Beau Burrows,DET,24,1,0,0,0,1.2,2,4,3,2,0,0,0,0,0,0,21.60,2.40
Jesus Tinoco,COL,26,1,0,0,0,1.1,5,5,0,1,3,0,0,0,0,0,33.75,4.50
Dan Altavilla,SD,28,2,0,0,0,1.1,1,1,2,0,1,0,0,0,0,0,6.75,0.75
James Paxton,SEA,32,1,1,0,0,1.1,0,1,2,1,0,0,0,0,0,0,6.75,0.75
Kyle Lobstein,WAS,32,3,0,0,0,1.1,3,3,1,1,1,0,0,0,0,0,20.25,3.00
Jordan Weems,ARI,28,2,0,0,0,1.1,4,7,3,3,1,0,1,0,1,0,47.25,5.25
Ramon Rosso,PHI,25,1,0,0,0,1.1,1,0,0,0,0,0,0,0,0,0,0.00,0.75
Jay Flaa,ATL,29,1,0,0,0,1.1,3,4,2,1,2,0,0,0,0,0,27.00,3.00
Jay Flaa,BAL,29,1,0,0,0,1.1,0,0,1,2,0,0,0,0,0,0,0.00,1.50
Cooper Criswell,LAA,25,1,1,0,0,1.1,6,3,0,0,0,0,1,0,0,0,20.25,4.50
Francisco Perez,CLE,24,1,0,0,0,1.1,3,3,0,3,0,0,0,0,0,0,20.25,4.50
Vinny Nittoli,SEA,30,1,0,0,0,1.0,1,2,1,2,1,0,0,0,0,0,18.00,3.00
Nick Allgeyer,TOR,25,1,0,0,0,1.0,0,0,0,0,0,0,0,0,0,0,0.00,0.00
Neftali Feliz,LAD,33,1,0,0,0,1.0,0,0,1,0,0,0,0,0,0,0,0.00,0.00
Neftali Feliz,PHI,33,2,0,0,0,1.0,4,4,2,1,1,0,1,0,1,0,36.00,5.00
Ty Tice,ATL,25,1,0,0,0,1.0,1,0,0,1,0,0,0,0,0,0,0.00,2.00
Miguel Del Pozo,DET,28,2,0,0,0,1.0,3,2,1,0,0,0,0,0,0,0,18.00,3.00
Colten Brewer,BOS,28,1,0,0,0,1.0,4,4,1,3,0,0,0,0,0,0,36.00,7.00
Preston Guilmet,MIA,34,1,0,0,0,1.0,0,0,0,0,0,0,0,0,0,1,0.00,0.00
Sal Romano,MIL,27,1,0,0,0,1.0,4,3,0,0,1,0,1,0,0,0,27.00,4.00
Akeem Bostick,NYM,26,1,0,0,0,1.0,0,0,0,1,0,0,0,0,0,0,0.00,1.00
Phil Bickford,MIL,26,1,0,0,0,1.0,2,2,0,1,1,0,0,0,0,0,18.00,3.00
Dellin Betances,NYM,33,1,0,0,0,1.0,0,1,1,1,0,0,0,0,0,0,9.00,1.00
Jake Petricka,LAA,33,2,0,0,0,1.0,3,5,1,2,1,0,1,0,1,0,45.00,5.00
Tyler Beede,SF,28,1,0,0,0,1.0,2,3,2,0,0,0,0,0,0,0,27.00,2.00
Brandon Waddell,BAL,27,1,0,0,0,1.0,0,0,0,1,0,0,0,0,0,0,0.00,1.00
Ryan Weber,MIL,31,1,0,0,0,1.0,1,0,0,0,0,0,0,0,0,0,0.00,1.00
Blaine Hardy,MIL,34,1,0,0,0,1.0,3,2,1,1,0,0,1,0,0,0,18.00,4.00
Chaz Roe,TB,34,1,0,0,0,0.2,1,2,2,1,0,0,0,0,0,1,27.00,3.00
Sean Poppen,TB,27,1,0,0,0,0.2,0,0,1,0,0,0,0,0,0,0,0.00,0.00
Elvis Peguero,LAA,24,1,0,0,0,0.2,2,5,0,3,0,0,1,0,0,0,67.50,7.50
Scott Effross,CHC,27,1,0,0,0,0.2,1,2,1,0,1,0,0,0,0,0,27.00,1.50
John Axford,MIL,38,1,0,0,0,0.1,2,2,0,1,0,0,0,0,0,0,54.00,9.00
Damon Jones,PHI,26,1,0,0,0,0.1,1,0,0,2,0,0,0,0,0,0,0.00,9.00
Roel Ramirez,STL,26,1,0,0,0,0.1,1,3,0,2,0,0,0,0,0,0,81.00,9.00
Carl Edwards,ATL,29,1,0,0,0,0.1,3,3,1,1,1,0,0,0,0,0,81.00,12.00
Kevin Quackenbush,LAD,32,1,0,0,0,0.1,3,1,1,0,0,0,0,0,0,0,27.00,9.00